Handle,Title,Body (HTML),Vendor,Type,Tags,Published,Option1 Name,Option1 Value,Variant SKU,Variant Inventory Tracker,Variant Inventory Qty,Variant Inventory Policy,Variant Fulfillment Service,Variant Price,Variant Compare At Price,Cost per item,Variant Requires Shipping,Variant Taxable,Status
assorterte-smakaker-6869-99,Assorterte småkaker,<p>Assorterte småkaker Størrelse : 5cm</p>,Varekompaniet,bakverk,Migrert,FALSE,Title,Default Title,6869-99,shopify,3,deny,manual,79,119,12,TRUE,TRUE,draft
baguette-1057-50,Baguette,<p>Baguette Lengde : 20cm</p>,Varekompaniet,bakverk,Migrert,FALSE,Title,Default Title,1057-50,shopify,25,deny,manual,140,229,12,TRUE,TRUE,draft
frukt-med-sukker-1485-99,Frukt med sukker,<p>Frukt med sukker - 8stk Høyde :2-8cm</p>,Varekompaniet,bakverk,Migrert,FALSE,Title,Default Title,1485-99,shopify,54,deny,manual,120,199,12,TRUE,TRUE,draft
kake-med-hjertepynt-23cm-6308-20,Kake med hjertepynt 23cm,<p>Kake med hjertepynt. Høyde : 10cm Diameter : 23cm</p>,Varekompaniet,bakverk,Migrert,FALSE,Title,Default Title,6308-20,shopify,2,deny,manual,390,649,12,TRUE,TRUE,draft
kaker-2-stk-1483-99,Kaker 2 stk,"<p>2 stk kaker Høyde : 7,5cm Diameter : 8cm</p>",Varekompaniet,bakverk,Migrert,FALSE,Title,Default Title,1483-99,shopify,35,deny,manual,260,429,12,TRUE,TRUE,draft
kjeks-6stk-6302-99,Kjeks 6stk,"<p>Kjeks 6stk Diameter : 5,5-6,5cm Lengde : 5,5-6,5cm</p>",Varekompaniet,bakverk,Migrert,FALSE,Title,Default Title,6302-99,shopify,8,deny,manual,89,149,12,TRUE,TRUE,draft
makroner-5-stk-1481-99,Makroner 5 stk,<p>5 stk Makroner Diameter : 5cm</p>,Varekompaniet,bakverk,Migrert,FALSE,Title,Default Title,1481-99,shopify,3,deny,manual,89,149,12,TRUE,TRUE,draft
mandelkake-1731-50,Mandelkake,"<p>Mandelkake Høyde : 7,5cm Lengde : 17cm</p>",Varekompaniet,bakverk,Migrert,FALSE,Title,Default Title,1731-50,shopify,20,deny,manual,100,169,12,TRUE,TRUE,draft
mandelpai-1487-70,Mandelpai,<p>Mandelpai Diameter : 20cm</p>,Varekompaniet,bakverk,Migrert,FALSE,Title,Default Title,1487-70,shopify,4,deny,manual,300,499,12,TRUE,TRUE,draft
minimuffins-6-stk-med-topping-3481-99,Minimuffins 6 stk med topping,<p>Minimuffins 6 stk med topping Høyde : 4cm</p>,Varekompaniet,bakverk,Migrert,FALSE,Title,Default Title,3481-99,shopify,3,deny,manual,110,179,12,TRUE,TRUE,draft
nottekake-6145-50,Nøttekake,<p>Nøttekake Høyde : 9cm Bredde : 7x15cm</p>,Varekompaniet,bakverk,Migrert,FALSE,Title,Default Title,6145-50,shopify,22,deny,manual,170,289,12,TRUE,TRUE,draft
sjokoladekake-2876-70,Sjokoladekake,<p>Sjokoladekake Diameter : 24cm Høyde : 10cm</p>,Varekompaniet,bakverk,Migrert,FALSE,Title,Default Title,2876-70,shopify,1,deny,manual,360,599,12,TRUE,TRUE,draft
blaveis-6818-60,Blåveis,<p>Blåveis 18cm</p>,Varekompaniet,buketter-borddekorasjoner,Migrert,FALSE,Title,Default Title,6818-60,shopify,16,deny,manual,19,29,12,TRUE,TRUE,draft
bukett-20cm-6204-10,Bukett 20cm,<p>Blomsterbukett Høyde : 20cm</p>,Varekompaniet,buketter-borddekorasjoner,Migrert,FALSE,Title,Default Title,6204-10,shopify,7,deny,manual,79,119,12,TRUE,TRUE,draft
bukett-20cm-9264-51,Bukett 20cm,<p>Bukett Høyde : 20cm</p>,Varekompaniet,buketter-borddekorasjoner,Migrert,FALSE,Title,Default Title,9264-51,shopify,100,deny,manual,49,69,12,TRUE,TRUE,draft
bukett-20cm-9266-99,Bukett 20cm,<p>Bukett Høyde : 20cm</p>,Varekompaniet,buketter-borddekorasjoner,Migrert,FALSE,Title,Default Title,9266-99,shopify,45,deny,manual,49,79,12,TRUE,TRUE,draft
bukett-20cm-9273-10,Bukett 20cm,<p>Bukett Høyde : 20cm</p>,Varekompaniet,buketter-borddekorasjoner,Migrert,FALSE,Title,Default Title,9273-10,shopify,18,deny,manual,39,59,12,TRUE,TRUE,draft
bukett-20cm-hvit-6201-10,Bukett 20cm Hvit,<p>Blomsterbukett Høyde : 20cm</p>,Varekompaniet,buketter-borddekorasjoner,Migrert,FALSE,Title,Default Title,6201-10,shopify,4,deny,manual,59,99,12,TRUE,TRUE,draft
bukett-20cm-6201-20,Bukett 20cm,<p>Bukett med blomster Høyde : 20cm</p>,Varekompaniet,buketter-borddekorasjoner,Migrert,FALSE,Title,Default Title,6201-20,shopify,1,deny,manual,59,99,12,TRUE,TRUE,draft
bukett-21cm-1615-20,Bukett 21cm,<p>Bukett med blomster Høyde : 21cm</p>,Varekompaniet,buketter-borddekorasjoner,Migrert,FALSE,Title,Default Title,1615-20,shopify,2,deny,manual,59,99,12,TRUE,TRUE,draft
bukett-45cm-9289-99,Bukett 45cm,<p>Blomsterbukett Høyde : 45cm</p>,Varekompaniet,buketter-borddekorasjoner,Migrert,FALSE,Title,Default Title,9289-99,shopify,6,deny,manual,270,449,12,TRUE,TRUE,draft
bukett-45cm-9286-10,Bukett 45cm,<p>Nydelig stor bukett. Høyde : 45cm</p>,Varekompaniet,buketter-borddekorasjoner,Migrert,FALSE,Title,Default Title,9286-10,shopify,1,deny,manual,330,549,12,TRUE,TRUE,draft
bukett-65cm-9324-10,Bukett 65cm,<p>Bukett med blomster Høyde : 65cm</p>,Varekompaniet,buketter-borddekorasjoner,Migrert,FALSE,Title,Default Title,9324-10,shopify,8,deny,manual,180,299,12,TRUE,TRUE,draft
bukett-65cm-9324-20,Bukett 65cm,<p>Bukett med blomster Høyde : 65cm</p>,Varekompaniet,buketter-borddekorasjoner,Migrert,FALSE,Title,Default Title,9324-20,shopify,4,deny,manual,180,299,12,TRUE,TRUE,draft
coreopsis-mix-2463-99-1,Coreopsis Mix,<p>3 stk Coreopsis - Ass. farger Høyde : 14cm Potte Ø : 6cm</p>,Varekompaniet,buketter-borddekorasjoner,Migrert,FALSE,Title,Default Title,2463-99-1,shopify,4,deny,manual,89,149,12,TRUE,TRUE,draft
eucalyptus-26-cm-hostfarger-8866-96,Eucalyptus 26 cm Høstfarger,<p>Eucalyptus borddekorasjon Høyde : 12cm Ø : 26cm</p>,Varekompaniet,buketter-borddekorasjoner,Migrert,FALSE,Title,Default Title,8866-96,shopify,56,deny,manual,89,149,12,TRUE,TRUE,draft
eucalyptus-30-cm-9913-90,Eucalyptus 30 cm,<p>Eucalyptus borddekorasjon Høyde : 13 cm Ø : 30cm</p>,Varekompaniet,buketter-borddekorasjoner,Migrert,FALSE,Title,Default Title,9913-90,shopify,24,deny,manual,140,229,12,TRUE,TRUE,draft
jadesten-1041-40,Jadesten,<p>Jadesten til f.eks bordpynt eller dekorasjon. Ca 500gram</p>,Varekompaniet,buketter-borddekorasjoner,Migrert,FALSE,Title,Default Title,1041-40,shopify,23,deny,manual,39,59,12,TRUE,TRUE,draft
lavendelbukett-28cm-2137-40,Lavendelbukett 28cm,<p>Lavendelbukett Lengde : 28cm</p>,Varekompaniet,buketter-borddekorasjoner,Migrert,FALSE,Title,Default Title,2137-40,shopify,21,deny,manual,59,89,12,TRUE,TRUE,draft
lavendelring-15cm-6263-40,Lavendelring 15cm,<p>Lavendelring Ø : 15cm</p>,Varekompaniet,buketter-borddekorasjoner,Migrert,FALSE,Title,Default Title,6263-40,shopify,19,deny,manual,49,69,12,TRUE,TRUE,draft
lavendelring-9cm-6261-40,Lavendelring 9cm,<p>Lavendelring Ø : 9cm</p>,Varekompaniet,buketter-borddekorasjoner,Migrert,FALSE,Title,Default Title,6261-40,shopify,25,deny,manual,19,29,12,TRUE,TRUE,draft
levkoybukett-28cm-1467-40,Levkøybukett 28cm,<p>Levkøybukett LEngde : 28cm</p>,Varekompaniet,buketter-borddekorasjoner,Migrert,FALSE,Title,Default Title,1467-40,shopify,1,deny,manual,79,129,12,TRUE,TRUE,draft
pinseliljebunt-20cm-9696-10,Pinseliljebunt 20cm,<p>Bunt av pinseliljer Høyde : 20cm</p>,Varekompaniet,buketter-borddekorasjoner,Migrert,FALSE,Title,Default Title,9696-10,shopify,18,deny,manual,29,39,12,TRUE,TRUE,draft
pinseliljer-40cm-8085-10,Pinseliljer 40cm,<p>Pinseliljer Høyde : 40cm</p>,Varekompaniet,buketter-borddekorasjoner,Migrert,FALSE,Title,Default Title,8085-10,shopify,10,deny,manual,49,69,12,TRUE,TRUE,draft
rosebukett-25cm-7062-1,Rosebukett 25cm,<p>Rosebukett 25cm</p>,Varekompaniet,buketter-borddekorasjoner,Migrert,FALSE,Title,Default Title,7062-1,shopify,1,deny,manual,120,199,12,TRUE,TRUE,draft
rosebukett-25cm-7062,Rosebukett 25cm,<p>Rosebukett Lengde : 25cm</p>,Varekompaniet,buketter-borddekorasjoner,Migrert,FALSE,Title,Default Title,7062,shopify,7,deny,manual,150,249,12,TRUE,TRUE,draft
rosebukett-25cm-7091,Rosebukett 25cm,<p>Rosebukett 25cm</p>,Varekompaniet,buketter-borddekorasjoner,Migrert,FALSE,Title,Default Title,7091,shopify,12,deny,manual,150,249,12,TRUE,TRUE,draft
rosebukett-med-is-27cm-1451-10,Rosebukett med is 27cm,<p>Litten søt Rosebukett med is Lengde : 27cm</p>,Varekompaniet,buketter-borddekorasjoner,Migrert,FALSE,Title,Default Title,1451-10,shopify,2,deny,manual,89,149,12,TRUE,TRUE,draft
rosebukett-37cm-6250-21,Rosebukett 37cm,<p>Rosebukett Høyde : 37cm</p>,Varekompaniet,buketter-borddekorasjoner,Migrert,FALSE,Title,Default Title,6250-21,shopify,23,deny,manual,100,169,12,TRUE,TRUE,draft
tulipanbukett-20cm-hvit-7188,Tulipanbukett 20cm hvit,<p>Tulipanbukett Høyde : 20cm</p>,Varekompaniet,buketter-borddekorasjoner,Migrert,FALSE,Title,Default Title,7188,shopify,4,deny,manual,79,129,12,TRUE,TRUE,draft
tulipanbukett-20cm-lilla-7189,Tulipanbukett 20cm lilla,<p>Tulipanbukett Høyde : 20cm</p>,Varekompaniet,buketter-borddekorasjoner,Migrert,FALSE,Title,Default Title,7189,shopify,0,deny,manual,79,129,12,TRUE,TRUE,draft
tulipanbukett-20cm-rod-7191,Tulipanbukett 20cm rød,<p>Tulipanbukett Høyde : 20cm</p>,Varekompaniet,buketter-borddekorasjoner,Migrert,FALSE,Title,Default Title,7191,shopify,3,deny,manual,79,129,12,TRUE,TRUE,draft
tulipanbukett-20cm-rosa-7190,Tulipanbukett 20cm rosa,<p>Tulipanbukett Høyde : 20cm</p>,Varekompaniet,buketter-borddekorasjoner,Migrert,FALSE,Title,Default Title,7190,shopify,1,deny,manual,79,129,12,TRUE,TRUE,draft
tulipanbukett-30cm-gul-6288-50,Tulipanbukett 30cm gul,<p>Tulipanbukett Høyde : 30cm</p>,Varekompaniet,buketter-borddekorasjoner,Migrert,FALSE,Title,Default Title,6288-50,shopify,5,deny,manual,59,99,12,TRUE,TRUE,draft
tulipanbukett-30cm-rosa-6288-20,Tulipanbukett 30cm rosa,<p>Tulipanbukett Høyde : 30cm</p>,Varekompaniet,buketter-borddekorasjoner,Migrert,FALSE,Title,Default Title,6288-20,shopify,5,deny,manual,59,99,12,TRUE,TRUE,draft
tulipanbukett-30cm-oransje-6288-35,Tulipanbukett 30cm Oransje,<p>Tulipanbukett Høyde : 30cm</p>,Varekompaniet,buketter-borddekorasjoner,Migrert,FALSE,Title,Default Title,6288-35,shopify,4,deny,manual,59,99,12,TRUE,TRUE,draft
tulipanbukett-30cm-rosa-6288-22,Tulipanbukett 30cm rosa,<p>Tulipanbukett Høyde : 30cm</p>,Varekompaniet,buketter-borddekorasjoner,Migrert,FALSE,Title,Default Title,6288-22,shopify,1,deny,manual,59,99,12,TRUE,TRUE,draft
24-stk-sma-epler-3740-80,24 stk små epler,<p>24 stk epler. Ø : 4cm</p>,Varekompaniet,frukt-gront,Migrert,FALSE,Title,Default Title,3740-80,shopify,1,deny,manual,300,499,12,TRUE,TRUE,draft
agurk-24cm-6322-90,Agurk 24cm,<p>Agurk Lengde - 24cm</p>,Varekompaniet,frukt-gront,Migrert,FALSE,Title,Default Title,6322-90,shopify,11,deny,manual,49,79,12,TRUE,TRUE,draft
appelsin-849-004,Appelsin,<p>Appelsin Høyde&Bredde : 7cm</p>,Varekompaniet,frukt-gront,Migrert,FALSE,Title,Default Title,849-004,shopify,0,deny,manual,49,69,12,TRUE,TRUE,draft
appelsinkvist-75cm-6707,Appelsinkvist 75cm,<p>Appelsinkvist. Høyde : 75cm</p>,Varekompaniet,frukt-gront,Migrert,FALSE,Title,Default Title,6707,shopify,9,deny,manual,170,279,12,TRUE,TRUE,draft
artisjokk-6157-95,Artisjokk,<p>Artisjokk Høyde : 11cm Diameter : 11cm</p>,Varekompaniet,frukt-gront,Migrert,FALSE,Title,Default Title,6157-95,shopify,2,deny,manual,79,119,12,TRUE,TRUE,draft
artisjokk-5554-42,Artisjokk,<p>Artisjokk Høyde : 15cm Diameter : 13cm</p>,Varekompaniet,frukt-gront,Migrert,FALSE,Title,Default Title,5554-42,shopify,1,deny,manual,89,149,12,TRUE,TRUE,draft
store-asparges-35cm-9963,Store Asparges 35cm,<p>Asparges Høyde : 35cm</p>,Varekompaniet,frukt-gront,Migrert,FALSE,Title,Default Title,9963,shopify,3,deny,manual,49,69,12,TRUE,TRUE,draft
banan-20cm-1184-50,Banan 20cm,<p>Banan Lengde : 20cm</p>,Varekompaniet,frukt-gront,Migrert,FALSE,Title,Default Title,1184-50,shopify,1,deny,manual,49,69,12,TRUE,TRUE,draft
basilikum-25cm-5993-90,Basilikum 25cm,<p>Basilikum Høyde : 25cm</p>,Varekompaniet,frukt-gront,Migrert,FALSE,Title,Default Title,5993-90,shopify,7,deny,manual,59,89,12,TRUE,TRUE,draft
basilikum-38cm-5995-90,Basilikum 38cm,<p>Basilikum Høyde : 38cm</p>,Varekompaniet,frukt-gront,Migrert,FALSE,Title,Default Title,5995-90,shopify,2,deny,manual,89,149,12,TRUE,TRUE,draft
basilikum-i-potte-5998-90-1,Basilikum i potte,<p>Basilikum i potte Høyde : 38cm</p>,Varekompaniet,frukt-gront,Migrert,FALSE,Title,Default Title,5998-90-1,shopify,2,deny,manual,230,389,12,TRUE,TRUE,draft
basilikum-9129-85,Basilikum,<p>Basilikum Høyde - 25cm</p>,Varekompaniet,frukt-gront,Migrert,FALSE,Title,Default Title,9129-85,shopify,8,deny,manual,59,89,12,TRUE,TRUE,draft
blabaer-9604-75,Blåbær,"<p>Boks med blåbær Diameter - 1,5cm</p>",Varekompaniet,frukt-gront,Migrert,FALSE,Title,Default Title,9604-75,shopify,89,deny,manual,79,129,12,TRUE,TRUE,draft
bonner-9278-90,Bønner,<p>Bunt med bønner Høyde - 7cm</p>,Varekompaniet,frukt-gront,Migrert,FALSE,Title,Default Title,9278-90,shopify,7,deny,manual,59,89,12,TRUE,TRUE,draft
carambole-9258-50,Carambole,<p>Carambole Lengde - 12cm</p>,Varekompaniet,frukt-gront,Migrert,FALSE,Title,Default Title,9258-50,shopify,10,deny,manual,59,89,12,TRUE,TRUE,draft
eple-gronn-8cm-1332-90,Eple Grønn 8cm,<p>Eple Diameter : 8cm</p>,Varekompaniet,frukt-gront,Migrert,FALSE,Title,Default Title,1332-90,shopify,7,deny,manual,39,59,12,TRUE,TRUE,draft
eple-gronn-rod-1332-96,Eple grønn/rød,<p>Eple Diameter : 8cm</p>,Varekompaniet,frukt-gront,Migrert,FALSE,Title,Default Title,1332-96,shopify,0,deny,manual,39,59,12,TRUE,TRUE,draft
eple-gronn-rod-1357-90,Eple Grønn/rød,<p>Eple Grønn/rød Høyde/bredde : 8cm</p>,Varekompaniet,frukt-gront,Migrert,FALSE,Title,Default Title,1357-90,shopify,100,deny,manual,29,45,12,TRUE,TRUE,draft
eple-rod-10x8cm-3154-85,Eple rød 10x8cm,<p>Eple Farge : Rød Mål : 10x8cm</p>,Varekompaniet,frukt-gront,Migrert,FALSE,Title,Default Title,3154-85,shopify,4,deny,manual,49,79,12,TRUE,TRUE,draft
eple-rod-3152-85,Eple Rød,<p>Eple Farge : Rød Diameter : 7cm</p>,Varekompaniet,frukt-gront,Migrert,FALSE,Title,Default Title,3152-85,shopify,0,deny,manual,29,49,12,TRUE,TRUE,draft
kirsebaer-1959-80,Kirsebær,<p>Kirsebær 6stk (x2) 2 moreller på hver kvist. En rød og en mørk rød Merk at bildet viser fler enn antallet i pakken.</p>,Varekompaniet,frukt-gront,Migrert,FALSE,Title,Default Title,1959-80,shopify,2,deny,manual,59,99,12,TRUE,TRUE,draft
kiwi-8554-90,Kiwi,<p>Kiwi Bredde : 7cm</p>,Varekompaniet,frukt-gront,Migrert,FALSE,Title,Default Title,8554-90,shopify,100,deny,manual,29,49,12,TRUE,TRUE,draft
lime-halv-8558-90,Lime halv,<p>Halv Lime Bredde : 5cm</p>,Varekompaniet,frukt-gront,Migrert,FALSE,Title,Default Title,8558-90,shopify,14,deny,manual,19,30,12,TRUE,TRUE,draft
lime-8556-90,Lime,<p>Lime Bredde : 6cm</p>,Varekompaniet,frukt-gront,Migrert,FALSE,Title,Default Title,8556-90,shopify,80,deny,manual,29,39,12,TRUE,TRUE,draft
sotpaprika-gronn-19cm-4491,Søtpaprika grønn 19cm,<p>Søtpaprika Lengde : 19cm Bredde : 5cm</p>,Varekompaniet,frukt-gront,Migrert,FALSE,Title,Default Title,4491,shopify,36,deny,manual,59,89,12,TRUE,TRUE,draft
sotpraprika-rod-19cm-4492,Søtpraprika rød 19cm,<p>Søtpaprika Lengde : 19cm Bredde : 5cm</p>,Varekompaniet,frukt-gront,Migrert,FALSE,Title,Default Title,4492,shopify,9,deny,manual,59,89,12,TRUE,TRUE,draft
maiskolbe-6326-50,Maiskolbe,<p>Maiskolbe Lengde : 15cm</p>,Varekompaniet,frukt-gront,Migrert,FALSE,Title,Default Title,6326-50,shopify,26,deny,manual,39,59,12,TRUE,TRUE,draft
melon-1791-31,Melon,<p>Melon Diameter - 14cm</p>,Varekompaniet,frukt-gront,Migrert,FALSE,Title,Default Title,1791-31,shopify,1,deny,manual,150,249,12,TRUE,TRUE,draft
mynte-25cm-5994-90,Mynte 25cm,<p>Mynte Høyde : 25cm</p>,Varekompaniet,frukt-gront,Migrert,FALSE,Title,Default Title,5994-90,shopify,17,deny,manual,59,89,12,TRUE,TRUE,draft
mynte-38cm-5996-90,Mynte 38cm,<p>Mynte Høyde : 38cm</p>,Varekompaniet,frukt-gront,Migrert,FALSE,Title,Default Title,5996-90,shopify,8,deny,manual,100,169,12,TRUE,TRUE,draft
oliven-gronne-9937-90,Oliven Grønne,<p>Oliven GRønne Bredde : 3-5cm</p>,Varekompaniet,frukt-gront,Migrert,FALSE,Title,Default Title,9937-90,shopify,2,deny,manual,59,99,12,TRUE,TRUE,draft
paprika-gronn-6124,Paprika Grønn,<p>Paprika Lengde : 11cm Merk : Den grønne på bildet.</p>,Varekompaniet,frukt-gront,Migrert,FALSE,Title,Default Title,6124,shopify,1,deny,manual,59,89,12,TRUE,TRUE,draft
plomme-3158-85,Plomme,<p>Plomme Diameter - 5cm</p>,Varekompaniet,frukt-gront,Migrert,FALSE,Title,Default Title,3158-85,shopify,0,deny,manual,29,39,12,TRUE,TRUE,draft
pose-med-jordbaer-5954-80,Pose med jordbær,"<p>Pose med jordbær 6 Stk. Bredde : 4,5-5cm</p>",Varekompaniet,frukt-gront,Migrert,FALSE,Title,Default Title,5954-80,shopify,1,deny,manual,79,119,12,TRUE,TRUE,draft
rambutan-8559-80,Rambutan,<p>Rambutan Bredde : 6cm</p>,Varekompaniet,frukt-gront,Migrert,FALSE,Title,Default Title,8559-80,shopify,3,deny,manual,29,39,12,TRUE,TRUE,draft
rod-lok-5410-85,Rød Løk,<p>Rød Løk Høyde : 11cm Bredde : 6cm</p>,Varekompaniet,frukt-gront,Migrert,FALSE,Title,Default Title,5410-85,shopify,1,deny,manual,29,49,12,TRUE,TRUE,draft
rodkal-2738-80,Rødkål,<p>Rødkål Høyde : 11cm Bredde : 15cm</p>,Varekompaniet,frukt-gront,Migrert,FALSE,Title,Default Title,2738-80,shopify,1,deny,manual,89,149,12,TRUE,TRUE,draft
rosmarin-25cm-9534-90,Rosmarin 25cm,<p>Rosmankvist Høyde : 25cm</p>,Varekompaniet,frukt-gront,Migrert,FALSE,Title,Default Title,9534-90,shopify,1,deny,manual,49,79,12,TRUE,TRUE,draft
salat-15cm-3301,Salat 15cm,<p>Salat Lengde : 15cm</p>,Varekompaniet,frukt-gront,Migrert,FALSE,Title,Default Title,3301,shopify,3,deny,manual,170,279,12,TRUE,TRUE,draft
salatblader-6-stk-9277-96,Salatblader 6 stk,<p>6 stk salatblader Høyde - 20-26cm</p>,Varekompaniet,frukt-gront,Migrert,FALSE,Title,Default Title,9277-96,shopify,19,deny,manual,89,149,12,TRUE,TRUE,draft
salatblader-6-stk-3479-90,Salatblader 6 stk.,<p>Salatblader 6stk Høyde : 16cm</p>,Varekompaniet,frukt-gront,Migrert,FALSE,Title,Default Title,3479-90,shopify,42,deny,manual,59,99,12,TRUE,TRUE,draft
sitrusbusk-32cm-801-1,Sitrusbusk 32cm,<p>Sitrusbusk i potte. Høyde : 32cm</p>,Varekompaniet,frukt-gront,Migrert,FALSE,Title,Default Title,801-1,shopify,1,deny,manual,170,279,12,TRUE,TRUE,draft
sitrusmix-skivet-5-stk-9257-99,Sitrusmix skivet 5 stk,<p>Mix av sitron- og limeskiver Diameter - 5cm</p>,Varekompaniet,frukt-gront,Migrert,FALSE,Title,Default Title,9257-99,shopify,8,deny,manual,100,169,12,TRUE,TRUE,draft
sma-tomater-pa-kvist-3312,Små tomater på kvist,<p>Små tomater på kvist.</p>,Varekompaniet,frukt-gront,Migrert,FALSE,Title,Default Title,3312,shopify,1,deny,manual,79,129,12,TRUE,TRUE,draft
sma-tomater-9134-80,Små Tomater,<p>Kvist-tomater</p>,Varekompaniet,frukt-gront,Migrert,FALSE,Title,Default Title,9134-80,shopify,1,deny,manual,110,179,12,TRUE,TRUE,draft
tomater-5409-80,Tomater,"<p>Tomater Lengde/Bredde : 4,5-5,5cm</p>",Varekompaniet,frukt-gront,Migrert,FALSE,Title,Default Title,5409-80,shopify,1,deny,manual,39,59,12,TRUE,TRUE,draft
vindrueklaser-3-stk-6324-99,Vindrueklaser 3 stk,<p>3 stk vindrueklaser i forskjellige farger Lengde : 14cm</p>,Varekompaniet,frukt-gront,Migrert,FALSE,Title,Default Title,6324-99,shopify,7,deny,manual,140,229,12,TRUE,TRUE,draft
dekorstjerne-20cm-1296-90,Dekorstjerne 20cm,<p>Dekorstjerne til å henge opp. Fin i vinduet. Lik på begge sider. Høyde : 20cm Bredde : 20cm</p>,Varekompaniet,jul,Migrert,FALSE,Title,Default Title,1296-90,shopify,1,deny,manual,120,199,12,TRUE,TRUE,draft
engel-21cm-1216-10,Engel 21cm,<p>Hengende engel Høyde : 21cm Bredde : 13cm</p>,Varekompaniet,jul,Migrert,FALSE,Title,Default Title,1216-10,shopify,20,deny,manual,59,99,12,TRUE,TRUE,draft
englevinger-13cm-rosa-1243-20,Englevinger 13cm rosa,<p>Englevinger Høyde : 7cm Bredde : 13cm</p>,Varekompaniet,jul,Migrert,FALSE,Title,Default Title,1243-20,shopify,100,deny,manual,19,19,12,TRUE,TRUE,draft
englevinger-23cm-rosa-1244-20,Englevinger 23cm rosa,<p>Englevinger Høyde : 15cm Bredde : 23cm</p>,Varekompaniet,jul,Migrert,FALSE,Title,Default Title,1244-20,shopify,100,deny,manual,19,29,12,TRUE,TRUE,draft
hjerte-11cm-5797-70,Hjerte 11cm,<p>Hjerte Bredde : 11m</p>,Varekompaniet,jul,Migrert,FALSE,Title,Default Title,5797-70,shopify,44,deny,manual,29,35,12,TRUE,TRUE,draft
hjerte-av-mose-15cm-1834-90,Hjerte av mose 15cm,<p>Hjerte av mose Diameter : 15cm</p>,Varekompaniet,jul,Migrert,FALSE,Title,Default Title,1834-90,shopify,1,deny,manual,59,99,12,TRUE,TRUE,draft
hjerte-i-tre-10cm-lilla-5756-76,Hjerte i tre 10cm lilla,<p>Søtt hjerte i tre Bredde : 10cm Farge : Lilla</p>,Varekompaniet,jul,Migrert,FALSE,Title,Default Title,5756-76,shopify,7,deny,manual,29,39,12,TRUE,TRUE,draft
hjerte-i-tre-15cm-lilla-5757-76,Hjerte i tre 15cm lilla,<p>Søtt hjerte i tre Bredde : 15cm Farge : Lilla</p>,Varekompaniet,jul,Migrert,FALSE,Title,Default Title,5757-76,shopify,11,deny,manual,39,59,12,TRUE,TRUE,draft
hjertedekorasjon-10cm-6012-70,Hjertedekorasjon 10cm,<p>Hjertedekorasjon Høyde : 10cm Diameter : 10cm</p>,Varekompaniet,jul,Migrert,FALSE,Title,Default Title,6012-70,shopify,100,deny,manual,19,29,12,TRUE,TRUE,draft
julestjerne-10cm-1462-10-1,Julestjerne 10cm,<p>Julestjerne i potte. Høyde 10cm</p>,Varekompaniet,jul,Migrert,FALSE,Title,Default Title,1462-10-1,shopify,1,deny,manual,29,49,12,TRUE,TRUE,draft
julestjerne-15cm-k-rod-3080-80-1,Julestjerne 15cm K rød,<p>Julestjerne i potte Høyde : 15cm Farge : Rød</p>,Varekompaniet,jul,Migrert,FALSE,Title,Default Title,3080-80-1,shopify,4,deny,manual,39,59,12,TRUE,TRUE,draft
julestjerne-26cm-hvit-7691-10-1,Julestjerne 26cm Hvit,<p>Julestjerne i potte Høyde : 26cm Farge : Hvit</p>,Varekompaniet,jul,Migrert,FALSE,Title,Default Title,7691-10-1,shopify,1,deny,manual,79,129,12,TRUE,TRUE,draft
julestjerne-26cm-rod-7691-80-1,Julestjerne 26cm Rød,<p>Julestjerne i potte Høyde : 26cm Farge : Rød</p>,Varekompaniet,jul,Migrert,FALSE,Title,Default Title,7691-80-1,shopify,1,deny,manual,79,129,12,TRUE,TRUE,draft
julestjerne-27cm-hvit-6989-10-1,Julestjerne 27cm Hvit,<p>Julestjerne Høyde : 27cm</p>,Varekompaniet,jul,Migrert,FALSE,Title,Default Title,6989-10-1,shopify,2,deny,manual,59,99,12,TRUE,TRUE,draft
julestjerne-35cm-hvit-6595-10-1,Julestjerne 35cm hvit,<p>Julestjerne i potte Høyde : 35cm</p>,Varekompaniet,jul,Migrert,FALSE,Title,Default Title,6595-10-1,shopify,10,deny,manual,120,199,12,TRUE,TRUE,draft
julestjerne-38cm-hvit-3070-10-1,Julestjerne 38cm Hvit,<p>Julestjerne i potte Høyde : 38cm Farge : Hvit</p>,Varekompaniet,jul,Migrert,FALSE,Title,Default Title,3070-10-1,shopify,7,deny,manual,210,349,12,TRUE,TRUE,draft
julestjerne-38cm-rod-3070-80-1,Julestjerne 38cm rød,<p>Stor og flott Julestjerne i potte Høyde : 38cm Farge : Rød</p>,Varekompaniet,jul,Migrert,FALSE,Title,Default Title,3070-80-1,shopify,10,deny,manual,210,349,12,TRUE,TRUE,draft
lyslykt-35cm-4355-02,Lyslykt 35cm,<p>Lyslykt i metall Høyde : 35cm Diameter : 20cm</p>,Varekompaniet,jul,Migrert,FALSE,Title,Default Title,4355-02,shopify,10,deny,manual,300,499,12,TRUE,TRUE,draft
lyslykt-juletre-jul01,Lyslykt juletre,<p>Lyslykt</p>,Varekompaniet,jul,Migrert,FALSE,Title,Default Title,jul01,shopify,12,deny,manual,29,49,12,TRUE,TRUE,draft
reinsdyrdekorasjon-11cm-5794-70,Reinsdyrdekorasjon 11cm,<p>Reinsdyrdekorasjon Diameter : 11cm</p>,Varekompaniet,jul,Migrert,FALSE,Title,Default Title,5794-70,shopify,30,deny,manual,79,129,12,TRUE,TRUE,draft
reinsdyrdekorasjon-25cm-5795-70,Reinsdyrdekorasjon 25cm,<p>Reinsdyrdekorasjon Diameter : 25cm</p>,Varekompaniet,jul,Migrert,FALSE,Title,Default Title,5795-70,shopify,10,deny,manual,180,299,12,TRUE,TRUE,draft
stjerne-12cm-5760-70,Stjerne 12cm,<p>Stjerne Bredde : 12cm</p>,Varekompaniet,jul,Migrert,FALSE,Title,Default Title,5760-70,shopify,19,deny,manual,29,35,12,TRUE,TRUE,draft
stjerne-30cm-5855-01,Stjerne 30cm,<p>Stjerne Diameter : 30cm</p>,Varekompaniet,jul,Migrert,FALSE,Title,Default Title,5855-01,shopify,4,deny,manual,110,179,12,TRUE,TRUE,draft
5-armet-kandelaber-50cm-4150-02,5-armet Kandelaber 50cm,<p>5-armet Kandelaber Høyde : 50 cm</p>,Varekompaniet,interiorartikler,Migrert,FALSE,Title,Default Title,4150-02,shopify,2,deny,manual,600,999,12,TRUE,TRUE,draft
dekorstener-1004-101,Dekorstener,"<p>Dekorstener Vekt : 3,5 kg Størrelse :5-8cm Farge : Hvit</p>",Varekompaniet,interiorartikler,Migrert,FALSE,Title,Default Title,1004-101,shopify,30,deny,manual,89,149,12,TRUE,TRUE,draft
dekorstener-1003-101,Dekorstener,<p>Dekorstener Antall : 2kg Størrelse : 2-4cm Farge : hvit</p>,Varekompaniet,interiorartikler,Migrert,FALSE,Title,Default Title,1003-101,shopify,6,deny,manual,89,149,12,TRUE,TRUE,draft
elg-10cm-40181484,Elg 10cm,<p>Elg Høyde : 10cm Lengde : 10cm Bredde : 4cm Material : Polyresin</p>,Varekompaniet,interiorartikler,Migrert,FALSE,Title,Default Title,40181484,shopify,1,deny,manual,59,99,12,TRUE,TRUE,draft
etasjefat-55cm-40212193,Etasjefat 55cm,<p>Nydelig sort etasjefat i metall fra Holmen interiør. Høyde : 55cm Ø : 14-35cm</p>,Varekompaniet,interiorartikler,Migrert,FALSE,Title,Default Title,40212193,shopify,1,deny,manual,720,1199,12,TRUE,TRUE,draft
fat-av-metall-40cm-4315-02,Fat av metall 40cm,<p>Metallfat for servering eller pynt Lengde & Bredde : 40cm</p>,Varekompaniet,interiorartikler,Migrert,FALSE,Title,Default Title,4315-02,shopify,2,deny,manual,420,699,12,TRUE,TRUE,draft
fat-av-metall-4315-01,Fat av metall,"<p>Fat av metall, Røff eangde/bredde : 30cm</p>",Varekompaniet,interiorartikler,Migrert,FALSE,Title,Default Title,4315-01,shopify,1,deny,manual,300,499,12,TRUE,TRUE,draft
glassvase-60cm-40180011,Glassvase 60cm,<p>Glassvase Høyde : 60cm Ø : 17cm</p>,Varekompaniet,interiorartikler,Migrert,FALSE,Title,Default Title,40180011,shopify,5,deny,manual,300,499,12,TRUE,TRUE,draft
glassvase-80cm-40180012,Glassvase 80cm,<p>Glassvase Høyde : 80cm Ø ; 18cm</p>,Varekompaniet,interiorartikler,Migrert,FALSE,Title,Default Title,40180012,shopify,4,deny,manual,360,599,12,TRUE,TRUE,draft
hjerte-25cm-9073-02,Hjerte 25cm,<p>Hengende hjerte Ø : 25cm</p>,Varekompaniet,interiorartikler,Migrert,FALSE,Title,Default Title,9073-02,shopify,2,deny,manual,59,99,12,TRUE,TRUE,draft
leirepotte-12cm-4342-01,Leirepotte 12cm,<p>Leirepotte Høyde : 12cm Ø topp : 10cm</p>,Varekompaniet,interiorartikler,Migrert,FALSE,Title,Default Title,4342-01,shopify,22,deny,manual,79,119,12,TRUE,TRUE,draft
leirepotte-12cm-4343-01,Leirepotte 12cm,<p>Potte av leire Høyde : 12cm Ø topp : 10cm</p>,Varekompaniet,interiorartikler,Migrert,FALSE,Title,Default Title,4343-01,shopify,10,deny,manual,79,119,12,TRUE,TRUE,draft
leirepotte-14cm-4342-02,Leirepotte 14cm,<p>Leirepotte Høyde : 14cm Ø topp : 13cm</p>,Varekompaniet,interiorartikler,Migrert,FALSE,Title,Default Title,4342-02,shopify,6,deny,manual,99,159,12,TRUE,TRUE,draft
lysbrikke-roff-18cm-4233-01,Lysbrikke røff 18cm,<p>Lysbrikke i metall Røff Plass til 7 lys Høyde : 18cm Bredde : 42cm</p>,Varekompaniet,interiorartikler,Migrert,FALSE,Title,Default Title,4233-01,shopify,1,deny,manual,290,489,12,TRUE,TRUE,draft
lysestake-4461-02,Lysestake,<p>Lysestake i metall. (For kubbelys) Høyde : 60cm</p>,Varekompaniet,interiorartikler,Migrert,FALSE,Title,Default Title,4461-02,shopify,4,deny,manual,450,749,12,TRUE,TRUE,draft
lyslykt-38cm-4457-02,Lyslykt 38cm,<p>Lyslykt for 2 lys. Høyde : 26cm Lengde : 38cm Bredde :17cm Ø : 15cm</p>,Varekompaniet,interiorartikler,Migrert,FALSE,Title,Default Title,4457-02,shopify,4,deny,manual,840,1399,12,TRUE,TRUE,draft
lyslykt-61cm-4457-03,Lyslykt 61cm,<p>Lyslykt for 3 lys Lengde : 61cm Høyde : 26 Bredde : 17cm Ø : 15cm</p>,Varekompaniet,interiorartikler,Migrert,FALSE,Title,Default Title,4457-03,shopify,3,deny,manual,1080,1799,12,TRUE,TRUE,draft
metallfat-100cm-oval-4316-05,Metallfat 100cm Oval,<p>Fat i metall. Lengde : 100cm Bredde : 60cm</p>,Varekompaniet,interiorartikler,Migrert,FALSE,Title,Default Title,4316-05,shopify,4,deny,manual,2100,3499,12,TRUE,TRUE,draft
metallfat-100cm-4314-03,Metallfat 100cm,<p>Fat i metall. Lengde : 100cm Bredde : 30cm</p>,Varekompaniet,interiorartikler,Migrert,FALSE,Title,Default Title,4314-03,shopify,4,deny,manual,1380,2299,12,TRUE,TRUE,draft
metallfat-120cm-4314-04,Metallfat 120cm,<p>Fat i metall. Lengde :120cm Bredde : 30cm</p>,Varekompaniet,interiorartikler,Migrert,FALSE,Title,Default Title,4314-04,shopify,5,deny,manual,1680,2799,12,TRUE,TRUE,draft
metallfat-80cm-4314-02,Metallfat 80cm,<p>Fat i metall. Lengde : 80cm Bredde : 30cm</p>,Varekompaniet,interiorartikler,Migrert,FALSE,Title,Default Title,4314-02,shopify,5,deny,manual,900,1499,12,TRUE,TRUE,draft
pose-med-kongler-1745-70,Pose med kongler,<p>Pose med dekorasjonskongler.</p>,Varekompaniet,interiorartikler,Migrert,FALSE,Title,Default Title,1745-70,shopify,48,deny,manual,49,69,12,TRUE,TRUE,draft
pose-med-kongler-1747-70,Pose med kongler,<p>Pose med dekorasjonskongler.</p>,Varekompaniet,interiorartikler,Migrert,FALSE,Title,Default Title,1747-70,shopify,48,deny,manual,49,69,12,TRUE,TRUE,draft
potte-i-metall-4251-01,Potte i metall,<p>Nydelig potte i metall. Høyde : 15cm Bredde : 40cm</p>,Varekompaniet,interiorartikler,Migrert,FALSE,Title,Default Title,4251-01,shopify,6,deny,manual,480,799,12,TRUE,TRUE,draft
serveringsfat-gerry-40200445,Serveringsfat Gerry,<p>Gerry serveringsfat av tre fra Holmen Interiør. Høyde : 7cm Bredde : 31cm Lengde : 44cm</p>,Varekompaniet,interiorartikler,Migrert,FALSE,Title,Default Title,40200445,shopify,0,deny,manual,360,599,12,TRUE,TRUE,draft
silas-potte-12cm-40220454,Silas potte 12cm,<p>Potte av keramikk Høyde : 11cm Ø : 12cm</p>,Varekompaniet,interiorartikler,Migrert,FALSE,Title,Default Title,40220454,shopify,7,deny,manual,79,129,12,TRUE,TRUE,draft
vase-i-metall-88cm-4437-02,Vase i metall 88cm,<p>Vase i metall Høyde : 88cm Ø topp : 25cm</p>,Varekompaniet,interiorartikler,Migrert,FALSE,Title,Default Title,4437-02,shopify,2,deny,manual,1500,2499,12,TRUE,TRUE,draft
3-stk-kaktusfrukter-5558-99,3 stk Kaktusfrukter,"<p>3 stk. Kaktusfrukter Lengde : 9cm Bredde : 5,5cm</p>",Varekompaniet,kaktus,Migrert,FALSE,Title,Default Title,5558-99,shopify,3,deny,manual,89,139,12,TRUE,TRUE,draft
3-stk-kaktus-13-20cm-9170-99-1,3 stk Kaktus 13-20cm,<p>3 stk kaktus i potte. Høyde : 13-20cm</p>,Varekompaniet,kaktus,Migrert,FALSE,Title,Default Title,9170-99-1,shopify,4,deny,manual,120,199,12,TRUE,TRUE,draft
3-stk-kaktus-9177-99-1,3 stk kaktus,<p>3 stk kaktus i potte. Assortert. Høyde : 8-13cm Potte høyde : 5cm Potte Ø topp : 6cm Potte Ø bunn : 4cm</p>,Varekompaniet,kaktus,Migrert,FALSE,Title,Default Title,9177-99-1,shopify,4,deny,manual,110,179,12,TRUE,TRUE,draft
4-stk-kaktus-9174-99-1,4 stk kaktus,<p>4 stk assorterte kaktus i potte. Høyde : 15-22cm Potte høyde : 6cm Potte Ø topp : 8cm Potte Ø bunn : 6cm</p>,Varekompaniet,kaktus,Migrert,FALSE,Title,Default Title,9174-99-1,shopify,13,deny,manual,270,449,12,TRUE,TRUE,draft
assorterte-kaktus-5-11cm-24-stk-1508-99-1,Assorterte Kaktus 5-11cm - 24 stk,<p>Nydelige små kaktus i potte. Antall : 24 stk Høyde : 5-11cm Potte høyde : 4cm Potte diameter topp : 4cm Potte diameter bunn : 3cm Kommer i trekasser som på bildet.</p>,Varekompaniet,kaktus,Migrert,FALSE,Title,Default Title,1508-99-1,shopify,9,deny,manual,480,799,12,TRUE,TRUE,draft
kaktus-23cm-9155-90-1,Kaktus 23cm,<p>Kaktus i potte. Høyde : 23cm Ø : 14cm Potte høyde ; 9cm Potte Ø topp : 11cm Potte Ø bunn : 8cm</p>,Varekompaniet,kaktus,Migrert,FALSE,Title,Default Title,9155-90-1,shopify,25,deny,manual,79,119,12,TRUE,TRUE,draft
kaktus-23cm-9580-80-1,Kaktus 23cm,<p>Kaktus i potte. Høyde : 23cm Potte høyde : 6cm Potte Ø topp : 8cm Potte Ø bunn : 6cm</p>,Varekompaniet,kaktus,Migrert,FALSE,Title,Default Title,9580-80-1,shopify,19,deny,manual,59,99,12,TRUE,TRUE,draft
kaktus-23cm-8102,Kaktus 23cm,<p>Kaktus i potte Høyde : 23cm</p>,Varekompaniet,kaktus,Migrert,FALSE,Title,Default Title,8102,shopify,2,deny,manual,89,149,12,TRUE,TRUE,draft
kaktus-28cm-8114,Kaktus 28cm,<p>Kaktus i potte Høyde : 28cm</p>,Varekompaniet,kaktus,Migrert,FALSE,Title,Default Title,8114,shopify,3,deny,manual,150,249,12,TRUE,TRUE,draft
kaktus-97cm-1666-90-1,Kaktus 97cm,<p>Kaktus i potte Høyde : 97cm</p>,Varekompaniet,kaktus,Migrert,FALSE,Title,Default Title,1666-90-1,shopify,1,deny,manual,1500,2499,12,TRUE,TRUE,draft
kaktus-98cm-1663-90-1,Kaktus 98cm,<p>Kaktus i potte Høyde : 98cm</p>,Varekompaniet,kaktus,Migrert,FALSE,Title,Default Title,1663-90-1,shopify,5,deny,manual,900,1499,12,TRUE,TRUE,draft
bambusgrilander-180cm-1557-90,Bambusgrilander 180cm,<p>Bambus Lengde : 180cm</p>,Varekompaniet,girlander,Migrert,FALSE,Title,Default Title,1557-90,shopify,20,deny,manual,180,299,12,TRUE,TRUE,draft
blomkarsegirlander-120cm-8251-35,Blomkarsegirlander 120cm,<p>Blomkarse Lengde : 120cm Merk : Tåler ikke utendørs bruk. Vil falme over tid.</p>,Varekompaniet,girlander,Migrert,FALSE,Title,Default Title,8251-35,shopify,1,deny,manual,140,229,12,TRUE,TRUE,draft
efoy-girlang-120cm-6123-95,Eføy Girlang 120cm,<p>Eføy Girland Lengde : 120cm</p>,Varekompaniet,girlander,Migrert,FALSE,Title,Default Title,6123-95,shopify,1,deny,manual,120,199,12,TRUE,TRUE,draft
efoygirlang-180cm-5815-95,Eføygirlang 180cm,<p>Eføygirlang Lengde : 180cm Diameter : 6-8cm</p>,Varekompaniet,girlander,Migrert,FALSE,Title,Default Title,5815-95,shopify,2,deny,manual,59,89,12,TRUE,TRUE,draft
efoygirlang-205cm-gronn-hvit-taler-sollys-5730-1,Eføygirlang 205cm Grønn/Hvit- Tåler sollys,<p>Eføygirlang Tåler sollys meget godt. Lengde : 205cm</p>,Varekompaniet,girlander,Migrert,FALSE,Title,Default Title,5730-1,shopify,21,deny,manual,210,349,12,TRUE,TRUE,draft
efoygirlang-205cm-taler-sollys-5730,Eføygirlang 205cm - Tåler sollys,<p>Girlang av Eføy. Tåler å sollys meget godt. Lengde : 205cm</p>,Varekompaniet,girlander,Migrert,FALSE,Title,Default Title,5730,shopify,3,deny,manual,210,349,12,TRUE,TRUE,draft
efoygrilang-120cm-6122-90,Eføygrilang 120cm,<p>Eføygirlang Lengde : 120cm</p>,Varekompaniet,girlander,Migrert,FALSE,Title,Default Title,6122-90,shopify,1,deny,manual,89,149,12,TRUE,TRUE,draft
efoygrilang-180cm-gronn-hvit-1556-95,Eføygrilang 180cm Grønn/hvit,<p>Eføygirlang Lengde : 180cm</p>,Varekompaniet,girlander,Migrert,FALSE,Title,Default Title,1556-95,shopify,4,deny,manual,140,239,12,TRUE,TRUE,draft
gullrankegirlander-125cm-6587-95,Gullrankegirlander 125cm,<p>Gullranke Lengde : 125cm</p>,Varekompaniet,girlander,Migrert,FALSE,Title,Default Title,6587-95,shopify,13,deny,manual,100,169,12,TRUE,TRUE,draft
hostlovgirlander-180cm-1950-35,Høstløvgirlander 180cm,<p>Høstløvgirlander Lengde : 180cm</p>,Varekompaniet,girlander,Migrert,FALSE,Title,Default Title,1950-35,shopify,6,deny,manual,150,249,12,TRUE,TRUE,draft
ipomeagirlander-120cm-bla-3596-60,Ipomeagirlander 120cm blå,<p>Ipomea Lengde : 120cm Merk : Tåler ikke utendørs bruk. Vil falme over tid.</p>,Varekompaniet,girlander,Migrert,FALSE,Title,Default Title,3596-60,shopify,7,deny,manual,120,199,12,TRUE,TRUE,draft
ipomeagirlander-120cm-hvit-3596-10,Ipomeagirlander 120cm hvit,<p>Ipomea Lengde : 120cm Merk : Tåler ikke utendørs bruk. Vil falme over tid.</p>,Varekompaniet,girlander,Migrert,FALSE,Title,Default Title,3596-10,shopify,7,deny,manual,120,199,12,TRUE,TRUE,draft
ipomeagirlander-120cm-rosa-3596-20,Ipomeagirlander 120cm rosa,<p>Ipomea Lengde : 120cm Merk : Tåler ikke utendørs bruk. Vil falme over tid.</p>,Varekompaniet,girlander,Migrert,FALSE,Title,Default Title,3596-20,shopify,12,deny,manual,120,199,12,TRUE,TRUE,draft
palettbladgirlander-160cm-2593-96,Palettbladgirlander 160cm,<p>Palettblad Lengde : 160cm</p>,Varekompaniet,girlander,Migrert,FALSE,Title,Default Title,2593-96,shopify,5,deny,manual,140,229,12,TRUE,TRUE,draft
peperomiagirlang-180cm-gronn-2045-90,Peperomiagirlang 180cm grønn,<p>Peperomia Lengde : 180cm</p>,Varekompaniet,girlander,Migrert,FALSE,Title,Default Title,2045-90,shopify,1,deny,manual,120,199,12,TRUE,TRUE,draft
peperomiagirlang-180cm-mork-gronn-2045-95,Peperomiagirlang 180cm mørk grønn,<p>Peperomia Lengde : 180cm</p>,Varekompaniet,girlander,Migrert,FALSE,Title,Default Title,2045-95,shopify,3,deny,manual,140,229,12,TRUE,TRUE,draft
rosegirlang-160cm-hvit-2194-10,Rosegirlang 160cm hvit,<p>Rosegirlang Lengde : 160cm Merk : Tåler ikke utendørs bruk. Vil falme over tid.</p>,Varekompaniet,girlander,Migrert,FALSE,Title,Default Title,2194-10,shopify,2,deny,manual,110,179,12,TRUE,TRUE,draft
rosegirlang-160cm-rod-2194-80,Rosegirlang 160cm rød,<p>Rosegirlang Lengde : 160cm Merk : Tåler ikke utendørs bruk. Vil falme over tid.</p>,Varekompaniet,girlander,Migrert,FALSE,Title,Default Title,2194-80,shopify,1,deny,manual,110,179,12,TRUE,TRUE,draft
rosegirlang-160cm-rosa-2194-20,Rosegirlang 160cm rosa,<p>Rosegirlang Lengde : 160cm Merk : Tåler ikke utendørs bruk. Vil falme over tid.</p>,Varekompaniet,girlander,Migrert,FALSE,Title,Default Title,2194-20,shopify,8,deny,manual,110,179,12,TRUE,TRUE,draft
blomsterkrans-27cm-9267-99,Blomsterkrans 27cm,<p>Blomsterkrans Ø 27cm</p>,Varekompaniet,kranser,Migrert,FALSE,Title,Default Title,9267-99,shopify,6,deny,manual,110,189,12,TRUE,TRUE,draft
blomsterkrans-27cm-9269-45,Blomsterkrans 27cm,<p>Blomsterkrans Ø 27cm</p>,Varekompaniet,kranser,Migrert,FALSE,Title,Default Title,9269-45,shopify,18,deny,manual,140,229,12,TRUE,TRUE,draft
blomsterkrans-30cm-2531-80,Blomsterkrans 30cm,<p>Blomsterkrans Ø : 30cm</p>,Varekompaniet,kranser,Migrert,FALSE,Title,Default Title,2531-80,shopify,1,deny,manual,150,249,12,TRUE,TRUE,draft
blomsterkrans-34cm-6196-20,Blomsterkrans 34cm,<p>Blomsterkrans Diameter : 34cm</p>,Varekompaniet,kranser,Migrert,FALSE,Title,Default Title,6196-20,shopify,0,deny,manual,180,299,12,TRUE,TRUE,draft
granbarkrans-28cm-9054-01,Granbarkrans 28cm,<p>Granbarkrans Diameter 28cm</p>,Varekompaniet,kranser,Migrert,FALSE,Title,Default Title,9054-01,shopify,1,deny,manual,140,229,12,TRUE,TRUE,draft
granbarkrans-35cm-9054-02,Granbarkrans 35cm,<p>Granbarkrans Diameter 35cm</p>,Varekompaniet,kranser,Migrert,FALSE,Title,Default Title,9054-02,shopify,1,deny,manual,180,299,12,TRUE,TRUE,draft
granbarkrans-40cm-3564-01,Granbarkrans 40cm,<p>Granbarkrans Ø : 40cm</p>,Varekompaniet,kranser,Migrert,FALSE,Title,Default Title,3564-01,shopify,1,deny,manual,240,399,12,TRUE,TRUE,draft
hengekrans-40cm-9600-90,Hengekrans 40cm,<p>Takhengt krans Diameter : 40cm</p>,Varekompaniet,kranser,Migrert,FALSE,Title,Default Title,9600-90,shopify,1,deny,manual,450,749,12,TRUE,TRUE,draft
hengende-krans-80cm-9876-90,Hengende krans 80cm,<p>Hengende krans. Høyde : 80cm Diameter : 30cm</p>,Varekompaniet,kranser,Migrert,FALSE,Title,Default Title,9876-90,shopify,1,deny,manual,360,599,12,TRUE,TRUE,draft
hostkrans-60cm-1684-35,Høstkrans 60cm,<p>Høstkrans Diameter : 60cm</p>,Varekompaniet,kranser,Migrert,FALSE,Title,Default Title,1684-35,shopify,6,deny,manual,410,689,12,TRUE,TRUE,draft
kornkrans-30cm-8450-50,Kornkrans 30cm,<p>Krans av korn. Bredde : 30cm</p>,Varekompaniet,kranser,Migrert,FALSE,Title,Default Title,8450-50,shopify,2,deny,manual,200,329,12,TRUE,TRUE,draft
krans-25-cm-9461-60,Krans 25 cm,<p>Krans Ø : 25cm</p>,Varekompaniet,kranser,Migrert,FALSE,Title,Default Title,9461-60,shopify,3,deny,manual,160,269,12,TRUE,TRUE,draft
krans-25cm-2814-10,Krans 25cm,<p>Krans Diameter : 25cm</p>,Varekompaniet,kranser,Migrert,FALSE,Title,Default Title,2814-10,shopify,2,deny,manual,180,299,12,TRUE,TRUE,draft
krans-31cm-7509-70,Krans 31cm,<p>Krans Diameter 31cm</p>,Varekompaniet,kranser,Migrert,FALSE,Title,Default Title,7509-70,shopify,5,deny,manual,150,249,12,TRUE,TRUE,draft
krans-35cm-2815-10,Krans 35cm,<p>Krans Diameter : 35cm</p>,Varekompaniet,kranser,Migrert,FALSE,Title,Default Title,2815-10,shopify,1,deny,manual,300,499,12,TRUE,TRUE,draft
krans-38cm-1400-70,Krans 38cm,<p>Krans Diameter : 38cm</p>,Varekompaniet,kranser,Migrert,FALSE,Title,Default Title,1400-70,shopify,4,deny,manual,180,299,12,TRUE,TRUE,draft
krans-42cm-5472-90,Krans 42cm,<p>Krans Diameter : 42cm</p>,Varekompaniet,kranser,Migrert,FALSE,Title,Default Title,5472-90,shopify,4,deny,manual,230,379,12,TRUE,TRUE,draft
krans-40cm-2808-90,Krans 40cm,<p>Krans Diameter : 40cm</p>,Varekompaniet,kranser,Migrert,FALSE,Title,Default Title,2808-90,shopify,5,deny,manual,330,549,12,TRUE,TRUE,draft
kvistkrans-30cm-5856-01,Kvistkrans 30cm,<p>Krans av kongler og kvist. Bredde : 30cm</p>,Varekompaniet,kranser,Migrert,FALSE,Title,Default Title,5856-01,shopify,1,deny,manual,180,299,12,TRUE,TRUE,draft
lerkekrans-25cm-3298-01,Lerkekrans 25cm,<p>Lerkekrans Ø : 25cm</p>,Varekompaniet,kranser,Migrert,FALSE,Title,Default Title,3298-01,shopify,19,deny,manual,150,249,12,TRUE,TRUE,draft
lerkekrans-50cm-3417-01,Lerkekrans 50cm,<p>Lerkekrans Ø : Ca 50cm i ytterkant.</p>,Varekompaniet,kranser,Migrert,FALSE,Title,Default Title,3417-01,shopify,1,deny,manual,210,349,12,TRUE,TRUE,draft
solvkrans-45cm-5475-55,Sølvkrans 45cm,<p>Sølvkrans Diameter : 45cm</p>,Varekompaniet,kranser,Migrert,FALSE,Title,Default Title,5475-55,shopify,2,deny,manual,180,299,12,TRUE,TRUE,draft
sommerkrans-30cm-1803-01,Sommerkrans 30cm,<p>Sommerkrans Diameter : 30cm</p>,Varekompaniet,kranser,Migrert,FALSE,Title,Default Title,1803-01,shopify,0,deny,manual,130,219,12,TRUE,TRUE,draft
lysmansjett-2319-40,Lysmansjett,<p>Lysmansjett Bredde indre ring : 3cm</p>,Varekompaniet,lysmansjetter,Migrert,FALSE,Title,Default Title,2319-40,shopify,100,deny,manual,29,39,12,TRUE,TRUE,draft
lysmansjett-2672-10,Lysmansjett,"<p>Lysmansjett Bredde indre ring : 3,5cm</p>",Varekompaniet,lysmansjetter,Migrert,FALSE,Title,Default Title,2672-10,shopify,1,deny,manual,29,39,12,TRUE,TRUE,draft
lysmansjett-3cm-1734-10,Lysmansjett 3cm,<p>Lysmansjett Ø indre ring : 3cm For vanlig stearinlys</p>,Varekompaniet,lysmansjetter,Migrert,FALSE,Title,Default Title,1734-10,shopify,0,deny,manual,29,39,12,TRUE,TRUE,draft
lysmansjett-3cm-1734-20,Lysmansjett 3cm,<p>Lysmansjett Ø indre ring : 3cm For vanlig stearinlys</p>,Varekompaniet,lysmansjetter,Migrert,FALSE,Title,Default Title,1734-20,shopify,2,deny,manual,29,39,12,TRUE,TRUE,draft
lysmansjett-3cm-6198-40,Lysmansjett 3cm,<p>Lysmansjett Ø indre ring : 3cm</p>,Varekompaniet,lysmansjetter,Migrert,FALSE,Title,Default Title,6198-40,shopify,78,deny,manual,29,49,12,TRUE,TRUE,draft
lysmansjett-5843-10,Lysmansjett,<p>Lysmansjett Bredde indre ring : 3cm</p>,Varekompaniet,lysmansjetter,Migrert,FALSE,Title,Default Title,5843-10,shopify,2,deny,manual,29,49,12,TRUE,TRUE,draft
lysmansjett-5843-42,Lysmansjett,<p>Lysmansjett Bredde indre ring : 3cm</p>,Varekompaniet,lysmansjetter,Migrert,FALSE,Title,Default Title,5843-42,shopify,18,deny,manual,39,59,12,TRUE,TRUE,draft
lysmansjett-5843-85,Lysmansjett,<p>Lysmansjett Bredde indre ring : 3cm</p>,Varekompaniet,lysmansjetter,Migrert,FALSE,Title,Default Title,5843-85,shopify,20,deny,manual,29,49,12,TRUE,TRUE,draft
lysmansjett-5846-10,Lysmansjett,<p>Lysmansjett Bredde indre ring : 3cm</p>,Varekompaniet,lysmansjetter,Migrert,FALSE,Title,Default Title,5846-10,shopify,1,deny,manual,29,49,12,TRUE,TRUE,draft
lysmansjett-5846-40,Lysmansjett,<p>Lysmansjett Bredde indre ring : 3cm</p>,Varekompaniet,lysmansjetter,Migrert,FALSE,Title,Default Title,5846-40,shopify,68,deny,manual,29,49,12,TRUE,TRUE,draft
lysmansjett-5917-10,Lysmansjett,<p>Lysmansjett til vanlig stearinlys 3 cm hovedfarge hvit</p>,Varekompaniet,lysmansjetter,Migrert,FALSE,Title,Default Title,5917-10,shopify,5,deny,manual,29,49,12,TRUE,TRUE,draft
lysmansjett-8cm-hvit-2813-10,Lysmansjett 8cm hvit,<p>Lysmansjett Diameter : 8cm</p>,Varekompaniet,lysmansjetter,Migrert,FALSE,Title,Default Title,2813-10,shopify,2,deny,manual,59,99,12,TRUE,TRUE,draft
lysmansjett-8cm-lilla-2813-42,Lysmansjett 8cm lilla,<p>Lysmansjett Diameter : 8cm</p>,Varekompaniet,lysmansjetter,Migrert,FALSE,Title,Default Title,2813-42,shopify,14,deny,manual,59,99,12,TRUE,TRUE,draft
lysmansjett-8cm-rod-2813-85,Lysmansjett 8cm rød,<p>Lysmansjett Diameter : 8cm</p>,Varekompaniet,lysmansjetter,Migrert,FALSE,Title,Default Title,2813-85,shopify,26,deny,manual,59,99,12,TRUE,TRUE,draft
lysmansjett-gronn-hvit-1897-01,Lysmansjett grønn/hvit,<p>Lysmansjett for stearinlys Diameter indre ring : 4cm</p>,Varekompaniet,lysmansjetter,Migrert,FALSE,Title,Default Title,1897-01,shopify,2,deny,manual,29,39,12,TRUE,TRUE,draft
lysmansjett-kubbelys-2344-40,Lysmansjett kubbelys,<p>Lysmansjett til kubbelys Bredde indre ring : 8cm</p>,Varekompaniet,lysmansjetter,Migrert,FALSE,Title,Default Title,2344-40,shopify,85,deny,manual,59,89,12,TRUE,TRUE,draft
lysmansjett-kubbelys-1895-02,Lysmansjett kubbelys,<p>Lysmansjett for kubbelys Diameter indre ring : 6cm</p>,Varekompaniet,lysmansjetter,Migrert,FALSE,Title,Default Title,1895-02,shopify,2,deny,manual,49,69,12,TRUE,TRUE,draft
lysmansjett-kubbelys-2837-80,Lysmansjett kubbelys,<p>Lysmansjett til kubbelys Bredde indre ring : 8cm</p>,Varekompaniet,lysmansjetter,Migrert,FALSE,Title,Default Title,2837-80,shopify,2,deny,manual,39,59,12,TRUE,TRUE,draft
lysmansjett-kubbelys-lilla-2002-40,Lysmansjett kubbelys lilla,<p>Lysmansjett Diameter 8cm</p>,Varekompaniet,lysmansjetter,Migrert,FALSE,Title,Default Title,2002-40,shopify,8,deny,manual,79,119,12,TRUE,TRUE,draft
lysmansjett-kubbelys-rod-2002-80,Lysmansjett Kubbelys rød,<p>Lysmansjett Diameter 8cm</p>,Varekompaniet,lysmansjetter,Migrert,FALSE,Title,Default Title,2002-80,shopify,39,deny,manual,79,119,12,TRUE,TRUE,draft
lysmansjett-rod-2670-80,Lysmansjett rød,<p>Lysmansjett til stearinlys 3cm indre ring.</p>,Varekompaniet,lysmansjetter,Migrert,FALSE,Title,Default Title,2670-80,shopify,6,deny,manual,29,49,12,TRUE,TRUE,draft
areca-palme-120cm-7149-120,Areca Palme 120cm,<p>Areca Palme i potte Høyde : 120cm</p>,Varekompaniet,palmer,Migrert,FALSE,Title,Default Title,7149-120,shopify,1,deny,manual,840,1399,12,TRUE,TRUE,draft
areca-palme-270cm-7149-270,Areca Palme 270cm,<p>Areca Palme Høyde : 270cm</p>,Varekompaniet,palmer,Migrert,FALSE,Title,Default Title,7149-270,shopify,2,deny,manual,3000,4999,12,TRUE,TRUE,draft
cycas-palme-40cm-2990-90-1,Cycas palme 40cm,<p>Cycas Palme i potte Høyde : 40cm</p>,Varekompaniet,palmer,Migrert,FALSE,Title,Default Title,2990-90-1,shopify,4,deny,manual,140,229,12,TRUE,TRUE,draft
kentia-palme-210cm-7203-210,Kentia Palme 210cm,<p>Farge: Grønn Høyde: 210cm</p>,Varekompaniet,palmer,Migrert,FALSE,Title,Default Title,7203-210,shopify,1,deny,manual,3600,5999,12,TRUE,TRUE,draft
phoenix-palme-230cm-67-230,Phoenix Palme 230cm,<p>Phoenix Palme Høyde : 230cm</p>,Varekompaniet,palmer,Migrert,FALSE,Title,Default Title,67-230,shopify,1,deny,manual,2700,4499,12,TRUE,TRUE,draft
alunrot-hvit-45cm-9697-10-1,Alunrot hvit 45cm,<p>Alunrot i potte Høyde : 45cm Potte høyde : 8cm Potte Ø topp : 10cm Potte Ø bunn : 7cm</p>,Varekompaniet,potteplanter-blomster,Migrert,FALSE,Title,Default Title,9697-10-1,shopify,1,deny,manual,120,199,12,TRUE,TRUE,draft
alunrot-rosa-45cm-9697-20-1,Alunrot rosa 45cm,<p>Alunrot i potte Høyde : 45cm Potte høyde : 8cm Potte Ø topp : 10cm Potte Ø bunn : 7cm</p>,Varekompaniet,potteplanter-blomster,Migrert,FALSE,Title,Default Title,9697-20-1,shopify,2,deny,manual,120,199,12,TRUE,TRUE,draft
begonia-28cm-hvit-2164-10-1,Begonia 28cm Hvit,<p>Begonia hvit 28 cm</p>,Varekompaniet,potteplanter-blomster,Migrert,FALSE,Title,Default Title,2164-10-1,shopify,7,deny,manual,89,149,12,TRUE,TRUE,draft
begonia-28cm-lys-rosa-2164-21-1,Begonia 28cm Lys Rosa,<p>Begonia lys rosa 28 cm</p>,Varekompaniet,potteplanter-blomster,Migrert,FALSE,Title,Default Title,2164-21-1,shopify,7,deny,manual,89,149,12,TRUE,TRUE,draft
begonia-28cm-rosa-2164-20-1,Begonia 28cm Rosa,<p>Farge: Rosa Høyde: 28 cm</p>,Varekompaniet,potteplanter-blomster,Migrert,FALSE,Title,Default Title,2164-20-1,shopify,5,deny,manual,89,149,12,TRUE,TRUE,draft
blomst-for-dagen-8246-20-1,Blomst for dagen,<p>Farge : Rosa Høyde : 45cm</p>,Varekompaniet,potteplanter-blomster,Migrert,FALSE,Title,Default Title,8246-20-1,shopify,1,deny,manual,89,149,12,TRUE,TRUE,draft
blomst-for-dagen-8246-22-1,Blomst for dagen,<p>Farge : Rosa Høyde : 45cm</p>,Varekompaniet,potteplanter-blomster,Migrert,FALSE,Title,Default Title,8246-22-1,shopify,8,deny,manual,89,149,12,TRUE,TRUE,draft
blomst-for-dagen-8246-41-1,Blomst for dagen,<p>Farge : Lilla Høyde : 45cm</p>,Varekompaniet,potteplanter-blomster,Migrert,FALSE,Title,Default Title,8246-41-1,shopify,5,deny,manual,89,149,12,TRUE,TRUE,draft
blomst-for-dagen-8246-60-1,Blomst for dagen,<p>Farge : Blå Høyde : 45cm</p>,Varekompaniet,potteplanter-blomster,Migrert,FALSE,Title,Default Title,8246-60-1,shopify,3,deny,manual,89,149,12,TRUE,TRUE,draft
blomst-for-dagen-8246-65-1,Blomst for dagen,<p>Farge : Blå Høyde : 45cm</p>,Varekompaniet,potteplanter-blomster,Migrert,FALSE,Title,Default Title,8246-65-1,shopify,4,deny,manual,89,149,12,TRUE,TRUE,draft
bougainvillea-115cm-1173-25,Bougainvillea 115cm,<p>Bougainvillea UTEN potte. Lengde 115cm</p>,Varekompaniet,potteplanter-blomster,Migrert,FALSE,Title,Default Title,1173-25,shopify,6,deny,manual,200,329,12,TRUE,TRUE,draft
bromelia-40-cm-9164-25-1,Bromelia 40 cm,<p>Bromelia i potte Høyde : 40cm Potte høyde : 8cm Potte Ø bunn : 7cm Potte Ø topp : 10cm</p>,Varekompaniet,potteplanter-blomster,Migrert,FALSE,Title,Default Title,9164-25-1,shopify,27,deny,manual,200,329,12,TRUE,TRUE,draft
busknellik-20cm-hvit-3426-10-1,Busknellik 20cm Hvit,<p>Busknellik i potte. Høyde : 20cm Høyde potte : 7cm</p>,Varekompaniet,potteplanter-blomster,Migrert,FALSE,Title,Default Title,3426-10-1,shopify,8,deny,manual,59,89,12,TRUE,TRUE,draft
busknellik-20cm-rosa-3426-20-1,Busknellik 20cm Rosa,<p>Busknellik i potte. Høyde : 20cm Høyde potte : 7cm</p>,Varekompaniet,potteplanter-blomster,Migrert,FALSE,Title,Default Title,3426-20-1,shopify,5,deny,manual,59,89,12,TRUE,TRUE,draft
calla-40cm-oransje-9702-35-1,Calla 40cm oransje,<p>Calla i potte Høyde : 40cm Potte Høyde : 8cm Potte Ø bunn : 7cm Potte Ø topp : 10cm</p>,Varekompaniet,potteplanter-blomster,Migrert,FALSE,Title,Default Title,9702-35-1,shopify,5,deny,manual,140,229,12,TRUE,TRUE,draft
dahlia-30cm-hvit-1178-10-1,Dahlia 30cm Hvit,<p>dahlia i potte. Høyde 30cm inkl. potte Pottehøyde : 8cm</p>,Varekompaniet,potteplanter-blomster,Migrert,FALSE,Title,Default Title,1178-10-1,shopify,2,deny,manual,99,159,12,TRUE,TRUE,draft
dahlia-30cm-rosa-1178-20-1,Dahlia 30cm Rosa,<p>dahlia i potte. Høyde 30cm inkl. potte Pottehøyde : 8cm</p>,Varekompaniet,potteplanter-blomster,Migrert,FALSE,Title,Default Title,1178-20-1,shopify,4,deny,manual,99,159,12,TRUE,TRUE,draft
dahlia-30cm-1178-41-1,Dahlia 30cm,<p>dahlia i potte. Høyde 30cm inkl. potte Pottehøyde : 8cm</p>,Varekompaniet,potteplanter-blomster,Migrert,FALSE,Title,Default Title,1178-41-1,shopify,3,deny,manual,99,159,12,TRUE,TRUE,draft
flittiglise-30cm-rosa-hvit-9727-21-1,Flittiglise 30cm rosa/hvit,<p>Flittiglise i potte. Høyde : 30cm Potte høyde: 8cm Potte Ø bunn : 7cm Potte Ø topp : 10cm</p>,Varekompaniet,potteplanter-blomster,Migrert,FALSE,Title,Default Title,9727-21-1,shopify,2,deny,manual,89,149,12,TRUE,TRUE,draft
geranium-hengende-hvit-2064-10-1,Geranium hengende hvit,<p>Hengende geranium i potte Lengde : 50cm Potte høyde : 9cm Potte Ø topp : 11cm Potte Ø bunn : 8cm</p>,Varekompaniet,potteplanter-blomster,Migrert,FALSE,Title,Default Title,2064-10-1,shopify,2,deny,manual,180,299,12,TRUE,TRUE,draft
geranium-hvit-35cm-3489-10-1,Geranium Hvit 35cm,<p>Geranium i potte Høyde: 35cm</p>,Varekompaniet,potteplanter-blomster,Migrert,FALSE,Title,Default Title,3489-10-1,shopify,14,deny,manual,89,149,12,TRUE,TRUE,draft
geranium-lys-rosa-35cm-3489-20-1,Geranium lys rosa 35cm,<p>Geranium i potte Høyde : 35cm Potte Høyde : 8cm Potte Ø bunn : 7cm Potte Ø topp : 10cm</p>,Varekompaniet,potteplanter-blomster,Migrert,FALSE,Title,Default Title,3489-20-1,shopify,4,deny,manual,89,149,12,TRUE,TRUE,draft
geranium-rod-35cm-3489-85-1,Geranium rød 35cm,<p>Geranium i potte Høyde : 35cm Potte Høyde : 8cm Potte Ø bunn : 7cm Potte Ø topp : 10cm</p>,Varekompaniet,potteplanter-blomster,Migrert,FALSE,Title,Default Title,3489-85-1,shopify,4,deny,manual,89,149,12,TRUE,TRUE,draft
hortensia-30cm-hvit-gul-1565-51-1,Hortensia 30cm Hvit/gul,<p>Hortensia i potte Høyde : 30cm Potte høyde : 8cm Potte Ø topp : 10cm Potte Ø bunn : 7cm</p>,Varekompaniet,potteplanter-blomster,Migrert,FALSE,Title,Default Title,1565-51-1,shopify,0,deny,manual,89,149,12,TRUE,TRUE,draft
hortensia-37cm-gul-hvit-6871-51-1,Hortensia 37cm gul/hvit,<p>Hortensia i potte Høyde : 37cm Potte Høyde : 8cm Potte Ø bunn : 7cm Potte Ø topp : 10cm</p>,Varekompaniet,potteplanter-blomster,Migrert,FALSE,Title,Default Title,6871-51-1,shopify,9,deny,manual,140,239,12,TRUE,TRUE,draft
hyacint-22cm-bla-9386-60-1,Hyacint 22cm blå,<p>Hyacint i potte. Høyde : 22cm Potte høyde : 6cm Potte diameter : 8/6cm</p>,Varekompaniet,potteplanter-blomster,Migrert,FALSE,Title,Default Title,9386-60-1,shopify,1,deny,manual,89,139,12,TRUE,TRUE,draft
ipomea-8247-20-1,Ipomea,<p>Ïpomea Lengde : 60cm Farge : Rosa</p>,Varekompaniet,potteplanter-blomster,Migrert,FALSE,Title,Default Title,8247-20-1,shopify,1,deny,manual,240,399,12,TRUE,TRUE,draft
ipomea-bla-8247-60-1,Ipomea Blå,<p>Ïpmea Lengde : 60cm Farge : Mørk blå</p>,Varekompaniet,potteplanter-blomster,Migrert,FALSE,Title,Default Title,8247-60-1,shopify,6,deny,manual,240,399,12,TRUE,TRUE,draft
ipomea-8247-10-1,Ipomea,<p>Ïpomea Lengde : 60cm Farge : hvit</p>,Varekompaniet,potteplanter-blomster,Migrert,FALSE,Title,Default Title,8247-10-1,shopify,8,deny,manual,240,399,12,TRUE,TRUE,draft
jernurt-28cm-hvit-8131-10-1,Jernurt 28cm hvit,<p>Jernurt i potte Høyde : 28cm inkl. potte Potethøyde : 8cm</p>,Varekompaniet,potteplanter-blomster,Migrert,FALSE,Title,Default Title,8131-10-1,shopify,2,deny,manual,89,149,12,TRUE,TRUE,draft
kalanchoe-20cm-lilla-3423-40-1,Kalanchoe 20cm Lilla,<p>Kalanchoe Høyde : 20cm</p>,Varekompaniet,potteplanter-blomster,Migrert,FALSE,Title,Default Title,3423-40-1,shopify,3,deny,manual,89,149,12,TRUE,TRUE,draft
kalanchoe-mix-12-stk-9246-99-1,Kalanchoe mix - 12 stk,<p>Kalanchoe mix Antall : 12 stk Høyde : 15cm</p>,Varekompaniet,potteplanter-blomster,Migrert,FALSE,Title,Default Title,9246-99-1,shopify,9,deny,manual,680,1129,12,TRUE,TRUE,draft
kirsebaerblomst-i-potte-hvit-6276-10-1,Kirsebærblomst i potte Hvit,<p>Kirsebærblomst i potte. Høyde : 23cm</p>,Varekompaniet,potteplanter-blomster,Migrert,FALSE,Title,Default Title,6276-10-1,shopify,1,deny,manual,59,99,12,TRUE,TRUE,draft
krokus-hvit-20cm-1496-10,Krokus Hvit 20cm,<p>Krokus i potte Høyde : 20cm</p>,Varekompaniet,potteplanter-blomster,Migrert,FALSE,Title,Default Title,1496-10,shopify,17,deny,manual,39,59,12,TRUE,TRUE,draft
krysantemum-30cm-rosa-2169-20-1,Krysantemum 30cm rosa,<p>Krysantemum Rosa 30 cm</p>,Varekompaniet,potteplanter-blomster,Migrert,FALSE,Title,Default Title,2169-20-1,shopify,5,deny,manual,89,149,12,TRUE,TRUE,draft
krysantemum-30cm-burgunder-3508-85-1,Krysantemum 30cm burgunder,<p>Krysantemum i potte. Høyde : 30cm Potte høyde : 8cm Potte Ø : 10/7cm</p>,Varekompaniet,potteplanter-blomster,Migrert,FALSE,Title,Default Title,3508-85-1,shopify,2,deny,manual,120,199,12,TRUE,TRUE,draft
krysantemum-30cm-gul-3508-50-1,Krysantemum 30cm gul,<p>Krysantemum i potte. Høyde : 30cm Potte høyde : 8cm Potte Ø : 10/7cm</p>,Varekompaniet,potteplanter-blomster,Migrert,FALSE,Title,Default Title,3508-50-1,shopify,2,deny,manual,120,199,12,TRUE,TRUE,draft
krysantemum-30cm-hvit-3508-10-1,Krysantemum 30cm Hvit,<p>Krysantemum i potte. Høyde : 30cm Potte høyde : 8cm Potte Ø : 10/7cm</p>,Varekompaniet,potteplanter-blomster,Migrert,FALSE,Title,Default Title,3508-10-1,shopify,2,deny,manual,120,199,12,TRUE,TRUE,draft
krysantemum-30cm-oransje-3508-35-1,Krysantemum 30cm oransje,<p>Krysantemum i potte. Høyde : 30cm Potte høyde : 8cm Potte Ø : 10/7cm</p>,Varekompaniet,potteplanter-blomster,Migrert,FALSE,Title,Default Title,3508-35-1,shopify,2,deny,manual,120,199,12,TRUE,TRUE,draft
krysantemum-30cm-oransjerod-3508-33-1,Krysantemum 30cm oransjerød,<p>Krysantemum i potte. Høyde : 30cm Potte høyde : 8cm Potte Ø : 10/7cm</p>,Varekompaniet,potteplanter-blomster,Migrert,FALSE,Title,Default Title,3508-33-1,shopify,1,deny,manual,120,199,12,TRUE,TRUE,draft
lavendel-45cm-9713-40-1,Lavendel 45cm,<p>Lavendel i potte Høyde : 45cm inkl potte. Pottehøyde : 8cm</p>,Varekompaniet,potteplanter-blomster,Migrert,FALSE,Title,Default Title,9713-40-1,shopify,17,deny,manual,110,179,12,TRUE,TRUE,draft
lyng-lilla-6644-40-1,Lyng Lilla,<p>Farge: Lilla Høyde: 28 cm</p>,Varekompaniet,potteplanter-blomster,Migrert,FALSE,Title,Default Title,6644-40-1,shopify,4,deny,manual,99,159,12,TRUE,TRUE,draft
lyng-rod-6644-85-1,Lyng Rød,<p>Farge: Rød Høyde: 28 cm</p>,Varekompaniet,potteplanter-blomster,Migrert,FALSE,Title,Default Title,6644-85-1,shopify,3,deny,manual,99,159,12,TRUE,TRUE,draft
lyng-hvit-6644-10-1,Lyng Hvit,<p>Farge: Hvit Høyde: 28 cm</p>,Varekompaniet,potteplanter-blomster,Migrert,FALSE,Title,Default Title,6644-10-1,shopify,12,deny,manual,99,159,12,TRUE,TRUE,draft
margeritt-3425-10-1,Margeritt,<p>Farge : Hvit Høyde : 35cm</p>,Varekompaniet,potteplanter-blomster,Migrert,FALSE,Title,Default Title,3425-10-1,shopify,11,deny,manual,160,269,12,TRUE,TRUE,draft
miniblomster-miks-5694-99-1,Miniblomster miks,<p>Farge: miks som vist på bildet Høyde: 14 cm</p>,Varekompaniet,potteplanter-blomster,Migrert,FALSE,Title,Default Title,5694-99-1,shopify,2,deny,manual,160,259,12,TRUE,TRUE,draft
passiflora-lilla-40cm-6521-40-1,Passiflora lilla 40cm,<p>Passiflora (Pasjonsblomst) i potte Høyde : 40cm Potte høyde : 8cm Potte Ø topp : 10cm Potte Ø bunn : 7cm</p>,Varekompaniet,potteplanter-blomster,Migrert,FALSE,Title,Default Title,6521-40-1,shopify,4,deny,manual,140,229,12,TRUE,TRUE,draft
pens-23cm-hvit-6283-10-1,Pensé 23cm Hvit,<p>Pensé i potte. Høyde : 23cm</p>,Varekompaniet,potteplanter-blomster,Migrert,FALSE,Title,Default Title,6283-10-1,shopify,1,deny,manual,59,89,12,TRUE,TRUE,draft
pens-23cm-lilla-6283-40-1,Pensé 23cm Lilla,<p>Pensé i potte. Høyde : 23cm</p>,Varekompaniet,potteplanter-blomster,Migrert,FALSE,Title,Default Title,6283-40-1,shopify,14,deny,manual,49,79,12,TRUE,TRUE,draft
pens-23cm-rosa-6283-20-1,Pensé 23cm Rosa,<p>Pensé i potte. Høyde : 23cm</p>,Varekompaniet,potteplanter-blomster,Migrert,FALSE,Title,Default Title,6283-20-1,shopify,1,deny,manual,49,79,12,TRUE,TRUE,draft
pense-bla-23cm-6283-60-1,Pense Blå 23cm,<p>Pense Høyde : 23cm</p>,Varekompaniet,potteplanter-blomster,Migrert,FALSE,Title,Default Title,6283-60-1,shopify,2,deny,manual,59,89,12,TRUE,TRUE,draft
petunia-hvit-6382-10-1,Petunia Hvit,<p>Petunia i potte Høyde : 30cm Potte Høyde : 9cm Potte Ø topp : 11cm Potte Ø bunn : 8cm</p>,Varekompaniet,potteplanter-blomster,Migrert,FALSE,Title,Default Title,6382-10-1,shopify,1,deny,manual,150,249,12,TRUE,TRUE,draft
petunia-rod-6382-80-1,Petunia rød,<p>Petunia i potte Høyde : 30cm Potte Høyde : 9cm Potte Ø topp : 11cm Potte Ø bunn : 8cm</p>,Varekompaniet,potteplanter-blomster,Migrert,FALSE,Title,Default Title,6382-80-1,shopify,3,deny,manual,150,249,12,TRUE,TRUE,draft
phalaenopsis-gul-45cm-2911-51-1,Phalaenopsis Gul 45cm,<p>Farge: Gul Høyde: 45 cm</p>,Varekompaniet,potteplanter-blomster,Migrert,FALSE,Title,Default Title,2911-51-1,shopify,1,deny,manual,110,179,12,TRUE,TRUE,draft
phalaenopsis-gronn-45cm-2911-95-1,Phalaenopsis Grønn 45cm,<p>Farge: Grønn Høyde: 45 cm</p>,Varekompaniet,potteplanter-blomster,Migrert,FALSE,Title,Default Title,2911-95-1,shopify,2,deny,manual,110,179,12,TRUE,TRUE,draft
phalaenopsis-45cm-lilla-2911-45-1,Phalaenopsis 45cm lilla,<p>Phalaenopsis i potte. Høyde : 45cm</p>,Varekompaniet,potteplanter-blomster,Migrert,FALSE,Title,Default Title,2911-45-1,shopify,3,deny,manual,110,179,12,TRUE,TRUE,draft
phalaenopsis-mork-lilla-45cm-2911-42-1,Phalaenopsis Mørk Lilla 45cm,<p>Phalaenopsis Høyde : 45cm Farge ; Mørk Lilla</p>,Varekompaniet,potteplanter-blomster,Migrert,FALSE,Title,Default Title,2911-42-1,shopify,2,deny,manual,110,179,12,TRUE,TRUE,draft
phalaenopsis-45cm-rosa-2911-20-1,Phalaenopsis 45cm Rosa,<p>Phalaenopsis i potte. Høyde : 45cm</p>,Varekompaniet,potteplanter-blomster,Migrert,FALSE,Title,Default Title,2911-20-1,shopify,2,deny,manual,110,179,12,TRUE,TRUE,draft
phalaenopsis-60cm-hvit-5754-10-1,Phalaenopsis 60cm Hvit,<p>Phalaenopsis i potte Høyde : 60cm Farge ; Hvit</p>,Varekompaniet,potteplanter-blomster,Migrert,FALSE,Title,Default Title,5754-10-1,shopify,5,deny,manual,240,399,12,TRUE,TRUE,draft
phalaenopsis-60cm-lilla-5754-45-1,Phalaenopsis 60cm lilla,<p>Phalaenopsis i potte Høyde : 60cm Farge ; lilla</p>,Varekompaniet,potteplanter-blomster,Migrert,FALSE,Title,Default Title,5754-45-1,shopify,6,deny,manual,240,399,12,TRUE,TRUE,draft
phalaenopsis-60cm-lys-lilla-5754-41-1,Phalaenopsis 60cm Lys Lilla,<p>Phalaenopsis Høyde : 60cm</p>,Varekompaniet,potteplanter-blomster,Migrert,FALSE,Title,Default Title,5754-41-1,shopify,3,deny,manual,240,399,12,TRUE,TRUE,draft
phalaenopsis-60cm-rosa-5754-20-1,Phalaenopsis 60cm Rosa,<p>Phalaenopsis i potte Høyde : 60cm Farge ; Rosa</p>,Varekompaniet,potteplanter-blomster,Migrert,FALSE,Title,Default Title,5754-20-1,shopify,3,deny,manual,240,399,12,TRUE,TRUE,draft
phalaenopsis-65cm-1877-10-1,Phalaenopsis 65cm,<p>Stor flott Phalaenopsis i glasspotte. Høyde : 65cm</p>,Varekompaniet,potteplanter-blomster,Migrert,FALSE,Title,Default Title,1877-10-1,shopify,2,deny,manual,900,1499,12,TRUE,TRUE,draft
phalaenopsis-hvit-45cm-2911-10-1,Phalaenopsis Hvit 45cm,<p>Farge: Hvit Høyde: 45 cm</p>,Varekompaniet,potteplanter-blomster,Migrert,FALSE,Title,Default Title,2911-10-1,shopify,1,deny,manual,89,149,12,TRUE,TRUE,draft
pion-35cm-rod-8149-85-1,Pion 35cm rød,<p>Pion i potte. Høyde : 35cm Potte høyde: 8cm Potte Ø bunn : 7cm Potte Ø topp : 10cm</p>,Varekompaniet,potteplanter-blomster,Migrert,FALSE,Title,Default Title,8149-85-1,shopify,0,deny,manual,120,199,12,TRUE,TRUE,draft
praerieklokke-rosa-2971-20-1,Prærieklokke Rosa,<p>Farge: Rosa Høyde: 30 cm</p>,Varekompaniet,potteplanter-blomster,Migrert,FALSE,Title,Default Title,2971-20-1,shopify,4,deny,manual,89,149,12,TRUE,TRUE,draft
praerieklokke-bla-2971-60-1,Prærieklokke Blå,<p>Farge: Blå Høyde: 30 cm</p>,Varekompaniet,potteplanter-blomster,Migrert,FALSE,Title,Default Title,2971-60-1,shopify,2,deny,manual,89,149,12,TRUE,TRUE,draft
praerieklokke-hvit-2971-10-1,Prærieklokke Hvit,<p>Farge: Hvit Høyde: 30 cm</p>,Varekompaniet,potteplanter-blomster,Migrert,FALSE,Title,Default Title,2971-10-1,shopify,5,deny,manual,89,149,12,TRUE,TRUE,draft
pyntekurv-40cm-gul-3420-50-1,Pyntekurv 40cm gul,<p>Pyntekurv i potte. Høyde : 40cm Potte høyde: 8cm Potte Ø bunn : 7cm Potte Ø topp : 10cm</p>,Varekompaniet,potteplanter-blomster,Migrert,FALSE,Title,Default Title,3420-50-1,shopify,1,deny,manual,99,159,12,TRUE,TRUE,draft
pyntekurv-40cm-hvit-3420-10-1,Pyntekurv 40cm hvit,<p>Pyntekurv i potte. Høyde : 40cm Potte høyde: 8cm Potte Ø bunn : 7cm Potte Ø topp : 10cm</p>,Varekompaniet,potteplanter-blomster,Migrert,FALSE,Title,Default Title,3420-10-1,shopify,1,deny,manual,99,159,12,TRUE,TRUE,draft
pyntekurv-40cm-lilla-3420-40-1,Pyntekurv 40cm lilla,<p>Pyntekurv i potte. Høyde : 40cm Potte høyde: 8cm Potte Ø bunn : 7cm Potte Ø topp : 10cm</p>,Varekompaniet,potteplanter-blomster,Migrert,FALSE,Title,Default Title,3420-40-1,shopify,1,deny,manual,99,159,12,TRUE,TRUE,draft
ranunkel-30cm-gul-8284-51-1,Ranunkel 30cm Gul,<p>Ranunkel Høyde : 30cm</p>,Varekompaniet,potteplanter-blomster,Migrert,FALSE,Title,Default Title,8284-51-1,shopify,10,deny,manual,89,149,12,TRUE,TRUE,draft
ranunkel-30cm-hvit-8284-10-1,Ranunkel 30cm Hvit,<p>Ranunkel i potte. Høyde : 30cm</p>,Varekompaniet,potteplanter-blomster,Migrert,FALSE,Title,Default Title,8284-10-1,shopify,1,deny,manual,89,149,12,TRUE,TRUE,draft
rose-34cm-gul-3506-50-1,Rose 34cm gul,<p>Rose i potte. Høyde : 34cm Potte høyde : 8cm Potte Ø topp : 10cm Potte Ø bunn : 7cm</p>,Varekompaniet,potteplanter-blomster,Migrert,FALSE,Title,Default Title,3506-50-1,shopify,8,deny,manual,89,149,12,TRUE,TRUE,draft
rose-34cm-rosa-3506-20-1,Rose 34cm rosa,<p>Rose i potte. Høyde : 34cm Potte høyde : 8cm Potte Ø topp : 10cm Potte Ø bunn : 7cm</p>,Varekompaniet,potteplanter-blomster,Migrert,FALSE,Title,Default Title,3506-20-1,shopify,8,deny,manual,110,179,12,TRUE,TRUE,draft
roser-oransje-1613-35-1,Roser Oransje,<p>Farge : Oransje Høyde : 30cm</p>,Varekompaniet,potteplanter-blomster,Migrert,FALSE,Title,Default Title,1613-35-1,shopify,43,deny,manual,89,149,12,TRUE,TRUE,draft
snodrape-20cm-9206,Snødråpe 20cm,<p>Snødråpe i potte Høyde : 20cm MERK : potten er ikke lik som på bildet. Potten er av sten.</p>,Varekompaniet,potteplanter-blomster,Migrert,FALSE,Title,Default Title,9206,shopify,2,deny,manual,99,159,12,TRUE,TRUE,draft
valmue-40cm-hvit-1564-10,Valmue 40cm hvit,<p>Valmue i potte. Høyde : 40cm Potte høyde: 8cm Potte Ø bunn : 7cm Potte Ø topp : 10cm</p>,Varekompaniet,potteplanter-blomster,Migrert,FALSE,Title,Default Title,1564-10,shopify,6,deny,manual,89,149,12,TRUE,TRUE,draft
valmue-40cm-rosa-1564-20-1,Valmue 40cm rosa,<p>Valmue i potte. Høyde : 40cm Potte høyde: 8cm Potte Ø bunn : 7cm Potte Ø topp : 10cm</p>,Varekompaniet,potteplanter-blomster,Migrert,FALSE,Title,Default Title,1564-20-1,shopify,5,deny,manual,89,149,12,TRUE,TRUE,draft
veronica-46cm-lilla-8130-42-1,Veronica 46cm lilla,<p>Veronica i potte Høyde : 46cm</p>,Varekompaniet,potteplanter-blomster,Migrert,FALSE,Title,Default Title,8130-42-1,shopify,3,deny,manual,110,179,12,TRUE,TRUE,draft
veronica-8130-40-1,Veronica,<p>Farge: Lilla Høyde: 46 cm</p>,Varekompaniet,potteplanter-blomster,Migrert,FALSE,Title,Default Title,8130-40-1,shopify,2,deny,manual,110,179,12,TRUE,TRUE,draft
veronica-8130-10-1,Veronica,<p>Farge: Hvit Høyde: 46 cm</p>,Varekompaniet,potteplanter-blomster,Migrert,FALSE,Title,Default Title,8130-10-1,shopify,1,deny,manual,110,179,12,TRUE,TRUE,draft
aloe-45cm-2324,Aloe 45cm,<p>Aloe Høyde : 45cm</p>,Varekompaniet,potteplanter-gronne,Migrert,FALSE,Title,Default Title,2324,shopify,2,deny,manual,540,899,12,TRUE,TRUE,draft
aloe-50cm-2327,Aloe 50cm,<p>Aloe Høyde : 50cm</p>,Varekompaniet,potteplanter-gronne,Migrert,FALSE,Title,Default Title,2327,shopify,1,deny,manual,540,899,12,TRUE,TRUE,draft
bonsai-35cm-1851-95-1,Bonsai 35cm,<p>Kunstog Bonsai i potte. Høyde : 35cm</p>,Varekompaniet,potteplanter-gronne,Migrert,FALSE,Title,Default Title,1851-95-1,shopify,3,deny,manual,300,499,12,TRUE,TRUE,draft
bonsai-40cm-1852-95-1,Bonsai 40cm,<p>Bonsai i potte. Høyde : 40cm</p>,Varekompaniet,potteplanter-gronne,Migrert,FALSE,Title,Default Title,1852-95-1,shopify,1,deny,manual,580,969,12,TRUE,TRUE,draft
buxbom-ball-15cm-5606-75,Buxbom Ball 15cm,<p>Buxbom Ball Fage : Sort Bredde : 15cm</p>,Varekompaniet,potteplanter-gronne,Migrert,FALSE,Title,Default Title,5606-75,shopify,1,deny,manual,59,99,12,TRUE,TRUE,draft
calathea-55cm-2139-85-1,Calathea 55cm,<p>Calathea i potte Høyde : 55cm Potte høyde : 8cm Potte Ø bunn : 7cm Potte Ø topp : 10cm</p>,Varekompaniet,potteplanter-gronne,Migrert,FALSE,Title,Default Title,2139-85-1,shopify,3,deny,manual,210,349,12,TRUE,TRUE,draft
ceropegia-22cm-9011-90-1,Ceropegia 22cm,<p>Ceropgia ring. Høyde : 22cm Diameter 15cm</p>,Varekompaniet,potteplanter-gronne,Migrert,FALSE,Title,Default Title,9011-90-1,shopify,1,deny,manual,120,199,12,TRUE,TRUE,draft
ceropgia-28cm-9012-90-1,Ceropgia 28cm,<p>Ceropgia ring. Høyde : 28cm diameter 20cm</p>,Varekompaniet,potteplanter-gronne,Migrert,FALSE,Title,Default Title,9012-90-1,shopify,1,deny,manual,230,379,12,TRUE,TRUE,draft
clorophyton-med-blomster-2537-95-1,Clorophyton med blomster,<p>Stor fin Clorophyton (Grønnrenner) med hvite blomster Høyde : 35 cm Bredde : 45 cm</p>,Varekompaniet,potteplanter-gronne,Migrert,FALSE,Title,Default Title,2537-95-1,shopify,4,deny,manual,110,189,12,TRUE,TRUE,draft
cucullata-60cm-9607-90-3,Cucullata 60cm,<p>Cucullata - Hengende. Høyde : 60cm Potte H : 7cm Potte Ø 9cm</p>,Varekompaniet,potteplanter-gronne,Migrert,FALSE,Title,Default Title,9607-90-3,shopify,2,deny,manual,180,299,12,TRUE,TRUE,draft
draecena-40cm-5809-96-1,Draecena 40cm,<p>Draecena i potte Høyde : 40 cm Potte høyde : 8cm Potte diameter topp : 10cm Potte diameter bunn : 7cm</p>,Varekompaniet,potteplanter-gronne,Migrert,FALSE,Title,Default Title,5809-96-1,shopify,15,deny,manual,100,169,12,TRUE,TRUE,draft
drueranke-120cm-5848,Drueranke 120cm,<p>Drueranke Lengde 120cm</p>,Varekompaniet,potteplanter-gronne,Migrert,FALSE,Title,Default Title,5848,shopify,1,deny,manual,150,249,12,TRUE,TRUE,draft
echeveria-40-cm-9062-96-1,Echeveria 40 cm,<p>Echeveria i potte. Høyde : 40cm Høyde potte : 13cm Potte Ø topp : 16cm Potte Ø bunn : 12cm</p>,Varekompaniet,potteplanter-gronne,Migrert,FALSE,Title,Default Title,9062-96-1,shopify,7,deny,manual,180,299,12,TRUE,TRUE,draft
efoy-65cm-taler-sollys-5728,Eføy 65cm - Tåler sollys,<p>Flott eføy som tåler sollys godt. NB : Uten potte Lengde : 65cm</p>,Varekompaniet,potteplanter-gronne,Migrert,FALSE,Title,Default Title,5728,shopify,8,deny,manual,260,429,12,TRUE,TRUE,draft
efoy-50cm-taler-sollys-5727,Eføy 50cm - tåler sollys,<p>Eføy Tåler sollys meget godt. Lengde : 50cm NB : Leveres er uten potte.</p>,Varekompaniet,potteplanter-gronne,Migrert,FALSE,Title,Default Title,5727,shopify,3,deny,manual,160,269,12,TRUE,TRUE,draft
efoy-70cm-6366-90,Eføy 70cm,<p>Eføy Lengde : 70cm NB : Uten potte.</p>,Varekompaniet,potteplanter-gronne,Migrert,FALSE,Title,Default Title,6366-90,shopify,1,deny,manual,120,199,12,TRUE,TRUE,draft
efoy-70cm-6367-95,Eføy 70cm,<p>Eføy 70cm NB : Uten potte.</p>,Varekompaniet,potteplanter-gronne,Migrert,FALSE,Title,Default Title,6367-95,shopify,100,deny,manual,120,199,12,TRUE,TRUE,draft
efoy-75cm-taler-sollys-5729,Eføy 75cm - Tåler sollys,<p>Eføy Tåler sollys meget godt. Lengde : 75cm NB : Leveres er uten potte.</p>,Varekompaniet,potteplanter-gronne,Migrert,FALSE,Title,Default Title,5729,shopify,1,deny,manual,360,599,12,TRUE,TRUE,draft
efoy-85cm-mork-6166-90-1,Eføy 85cm mørk,<p>Eføy i potte Lengde : 85cm Høyde : 22cm</p>,Varekompaniet,potteplanter-gronne,Migrert,FALSE,Title,Default Title,6166-90-1,shopify,1,deny,manual,180,299,12,TRUE,TRUE,draft
efoy-ring-i-potte-35cm-5811-90-1,Eføy ring i potte 35cm,<p>Eføying i potte Høyde : 35 cm Diameter : 30cm Potte høyde : 8cm Potte diameter topp : 10cm Potte diameter bunn : 7cm</p>,Varekompaniet,potteplanter-gronne,Migrert,FALSE,Title,Default Title,5811-90-1,shopify,1,deny,manual,100,169,12,TRUE,TRUE,draft
efoyring-35cm-5812-95-1,Eføyring 35cm,<p>Eføyring i potte Høyde : 40 cm Diameter : 30cm Potte høyde : 8cm Potte diameter topp : 10cm Potte diameter bunn : 7cm</p>,Varekompaniet,potteplanter-gronne,Migrert,FALSE,Title,Default Title,5812-95-1,shopify,2,deny,manual,110,179,12,TRUE,TRUE,draft
efoyring-i-potte-38cm-3271-95-1,Eføyring i potte 38cm,<p>Eføyting i potte Høyde : 38cm Ø : 25cm Potte høyde : 8cm Potte Ø bunn : 8cm Potte Ø topp : 10cm</p>,Varekompaniet,potteplanter-gronne,Migrert,FALSE,Title,Default Title,3271-95-1,shopify,8,deny,manual,110,179,12,TRUE,TRUE,draft
fiolfikus-40cm-1650-90-1,Fiolfikus 40cm,<p>Fiolfikus i potte. Høyde : 40cm Potte høyde : 8cm Potte Ø topp : 10cm Potte Ø bunn : 7cm</p>,Varekompaniet,potteplanter-gronne,Migrert,FALSE,Title,Default Title,1650-90-1,shopify,6,deny,manual,140,229,12,TRUE,TRUE,draft
fittonia-40cm-5807-96-1,Fittonia 40cm,<p>Fittonia i potte Høyde : 40cm Potte Ø topp : 10cm Potte Ø bunn : 7cm Potte høyde : 8cm</p>,Varekompaniet,potteplanter-gronne,Migrert,FALSE,Title,Default Title,5807-96-1,shopify,4,deny,manual,120,199,12,TRUE,TRUE,draft
gress-50cm-7130-050,Gress 50cm,<p>Gress i potte Høyde : 50cm Potte høyde : 8cm Potte diameter topp : 9cm Potte diameter bunn : 6cm</p>,Varekompaniet,potteplanter-gronne,Migrert,FALSE,Title,Default Title,7130-050,shopify,9,deny,manual,89,149,12,TRUE,TRUE,draft
gress-85cm-3597-91,Gress 85cm,<p>Gress Høyde : 85</p>,Varekompaniet,potteplanter-gronne,Migrert,FALSE,Title,Default Title,3597-91,shopify,1,deny,manual,29,39,12,TRUE,TRUE,draft
gress-80cm-7126-080,Gress 80cm,<p>Gress i potte. Høyde : 80cm</p>,Varekompaniet,potteplanter-gronne,Migrert,FALSE,Title,Default Title,7126-080,shopify,2,deny,manual,210,349,12,TRUE,TRUE,draft
gullranke-55cm-1175-95-1,Gullranke 55cm,<p>Gullranke i potte Lengde : 55cm Høyde : 25cm Potte høyde : 8cm Potte diameter topp : 10cm Potte diameter bunn : 7cm</p>,Varekompaniet,potteplanter-gronne,Migrert,FALSE,Title,Default Title,1175-95-1,shopify,2,deny,manual,150,249,12,TRUE,TRUE,draft
juletre-36cm-1961-90-1,Juletre 36cm,<p>Søtt lite juletre i potte. Høyde : 36cm</p>,Varekompaniet,potteplanter-gronne,Migrert,FALSE,Title,Default Title,1961-90-1,shopify,8,deny,manual,110,179,12,TRUE,TRUE,draft
marginata-20-cm-6282-90-1,Marginata 20 cm,<p>Marginata i potte. Høyde : 20cm</p>,Varekompaniet,potteplanter-gronne,Migrert,FALSE,Title,Default Title,6282-90-1,shopify,30,deny,manual,59,99,12,TRUE,TRUE,draft
monstera-60-cm-1356-90,Monstera 60 cm,<p>Monstera i potte. Høyde : 60cm Potte høyde 15 cm Potte diameter topp 14 cm Potte diameter bunn 10 cm</p>,Varekompaniet,potteplanter-gronne,Migrert,FALSE,Title,Default Title,1356-90,shopify,2,deny,manual,330,549,12,TRUE,TRUE,draft
muehlenbeckia-ball-30cm-2573-90,Muehlenbeckia ball 30cm,<p>Muehlenbeckia ball Diameter : 30cm</p>,Varekompaniet,potteplanter-gronne,Migrert,FALSE,Title,Default Title,2573-90,shopify,2,deny,manual,420,699,12,TRUE,TRUE,draft
oliventre-55cm-3934-90-1,Oliventre 55cm,<p>Oliventre i potte. Høyde : 55cm</p>,Varekompaniet,potteplanter-gronne,Migrert,FALSE,Title,Default Title,3934-90-1,shopify,4,deny,manual,260,429,12,TRUE,TRUE,draft
ormegress-60cm-1690-90-1,Ormegress 60cm,<p>Ormegress i potte. Høyde: 25cm Diameter : 50-60cm</p>,Varekompaniet,potteplanter-gronne,Migrert,FALSE,Title,Default Title,1690-90-1,shopify,2,deny,manual,120,199,12,TRUE,TRUE,draft
ormegress-45cm-2374,Ormegress 45cm,<p>Ormegress i potte Diameter : 45cm Høyde : 35cm</p>,Varekompaniet,potteplanter-gronne,Migrert,FALSE,Title,Default Title,2374,shopify,2,deny,manual,180,299,12,TRUE,TRUE,draft
prikkeblad-55cm-3090-95-1,Prikkeblad 55cm,<p>Prikkeblad i potte Høyde : 55cm Potte høyde : 9cm Potte Ø bunn : 8cm Potte Ø topp : 11cm</p>,Varekompaniet,potteplanter-gronne,Migrert,FALSE,Title,Default Title,3090-95-1,shopify,1,deny,manual,180,299,12,TRUE,TRUE,draft
prikkeblad-55cm-3060-95-1,Prikkeblad 55cm,<p>Prikkeblad i potte. Høyde : 55cm</p>,Varekompaniet,potteplanter-gronne,Migrert,FALSE,Title,Default Title,3060-95-1,shopify,2,deny,manual,210,349,12,TRUE,TRUE,draft
rexbegonia-20-cm-9136-25-1,Rexbegonia 20 cm,<p>Rexbegonia i potte Høyde : 20cm Potte høyde : 6cm Potte Ø bunn : 6cm Potte Ø topp : 8cm</p>,Varekompaniet,potteplanter-gronne,Migrert,FALSE,Title,Default Title,9136-25-1,shopify,24,deny,manual,79,129,12,TRUE,TRUE,draft
rosmarin-35cm-9107-90-1,Rosmarin 35cm,<p>Rosmarin i potte Høyde : 35cm Potte høyde : 8cm Potte Ø topp : 10cm Potte Ø bunn : 7cm</p>,Varekompaniet,potteplanter-gronne,Migrert,FALSE,Title,Default Title,9107-90-1,shopify,4,deny,manual,140,229,12,TRUE,TRUE,draft
senecio-45cm-2227-96,Senecio 45cm,<p>Takhengt Senecio Lengde : 45cm Diameter : 28cm</p>,Varekompaniet,potteplanter-gronne,Migrert,FALSE,Title,Default Title,2227-96,shopify,1,deny,manual,270,449,12,TRUE,TRUE,draft
sitrusbusk-35cm-5924,Sitrusbusk 35cm,<p>Sitrusbusk i potte. Høyde : 35cm</p>,Varekompaniet,potteplanter-gronne,Migrert,FALSE,Title,Default Title,5924,shopify,3,deny,manual,420,699,12,TRUE,TRUE,draft
succulent-30cm-2456-40-1,Succulent 30cm,<p>Succulent 30cm Pot height 7 cm Pot ø top 9 cm Pot ø bottom 6 cm</p>,Varekompaniet,potteplanter-gronne,Migrert,FALSE,Title,Default Title,2456-40-1,shopify,8,deny,manual,110,179,12,TRUE,TRUE,draft
succulent-mix-3659-99-1,Succulent mix,<p>2 stk succulenter i potte. Høyde : 13-20cm Potte høyde : 6cm Potte Ø bunn : 5cm Potte Ø topp : 8cm</p>,Varekompaniet,potteplanter-gronne,Migrert,FALSE,Title,Default Title,3659-99-1,shopify,5,deny,manual,200,329,12,TRUE,TRUE,draft
tillandsia-45cm-9253-95-3,Tillandsia 45cm,<p>Takhengt Tillandsia i potte Lengde : 45cm Potte Høyde : 6cm Potte Diameter topp : 8cm Potte Diameter bunn : 5cm</p>,Varekompaniet,potteplanter-gronne,Migrert,FALSE,Title,Default Title,9253-95-3,shopify,7,deny,manual,99,159,12,TRUE,TRUE,draft
tyttebaerball-15cm-6337-90,Tyttebærball 15cm,<p>Ball av tyttebærlyng. Diameter : 15cm</p>,Varekompaniet,potteplanter-gronne,Migrert,FALSE,Title,Default Title,6337-90,shopify,6,deny,manual,110,179,12,TRUE,TRUE,draft
vinbusk-35cm-2614-90-1,Vinbusk 35cm,<p>Vinbusk uten druer Høyde : 35cm</p>,Varekompaniet,potteplanter-gronne,Migrert,FALSE,Title,Default Title,2614-90-1,shopify,10,deny,manual,140,229,12,TRUE,TRUE,draft
yucca-2928-90-1,Yucca,<p>Agave i potte Høyde : 58cm</p>,Varekompaniet,potteplanter-gronne,Migrert,FALSE,Title,Default Title,2928-90-1,shopify,1,deny,manual,480,799,12,TRUE,TRUE,draft
adiantum-60cm-6209-90,Adiantum 60cm,<p>Adiantumblad Høyde : 60cm</p>,Varekompaniet,snitt,Migrert,FALSE,Title,Default Title,6209-90,shopify,6,deny,manual,19,29,12,TRUE,TRUE,draft
aspargesblad-80cm-2102-90,Aspargesblad 80cm,<p>Aspergesblad Høyde : 80cm</p>,Varekompaniet,snitt,Migrert,FALSE,Title,Default Title,2102-90,shopify,10,deny,manual,59,89,12,TRUE,TRUE,draft
bjork-70cm-391a,Bjørk 70cm,<p>Bjørkekvist med blader Høyde : 70cm</p>,Varekompaniet,snitt,Migrert,FALSE,Title,Default Title,391a,shopify,19,deny,manual,89,139,12,TRUE,TRUE,draft
blaklokke-65cm-hvit-3497-10,Blåklokke 65cm - Hvit,<p>Blåklokke Høyde : 65cm</p>,Varekompaniet,snitt,Migrert,FALSE,Title,Default Title,3497-10,shopify,2,deny,manual,29,39,12,TRUE,TRUE,draft
brudeslor-50cm-8710-10,Brudeslør 50cm,<p>Brudeslør Høyde : 50cm</p>,Varekompaniet,snitt,Migrert,FALSE,Title,Default Title,8710-10,shopify,29,deny,manual,29,45,12,TRUE,TRUE,draft
buxbom-kvist-25cm-2657-90,Buxbom kvist 25cm,<p>Kvist av buxbom For dekorasjoner o.l Høyde : 25cm</p>,Varekompaniet,snitt,Migrert,FALSE,Title,Default Title,2657-90,shopify,28,deny,manual,9,15,12,TRUE,TRUE,draft
clematis-110cm-1457-60,Clematis 110cm,<p>Clematis snitt Høyde : 110cm</p>,Varekompaniet,snitt,Migrert,FALSE,Title,Default Title,1457-60,shopify,20,deny,manual,79,129,12,TRUE,TRUE,draft
delphinium-90cm-1800-60,Delphinium 90cm,<p>Delphinium Høyde : 90cm</p>,Varekompaniet,snitt,Migrert,FALSE,Title,Default Title,1800-60,shopify,8,deny,manual,59,99,12,TRUE,TRUE,draft
engletrompet-90cm-oransje-2017-35,Engletrompet 90cm oransje,<p>Engletrompet Høyde : 90cm</p>,Varekompaniet,snitt,Migrert,FALSE,Title,Default Title,2017-35,shopify,1,deny,manual,140,229,12,TRUE,TRUE,draft
engletrompet-90cm-2017-10,Engletrompet 90cm,<p>Engletrompet Høyde : 90cm</p>,Varekompaniet,snitt,Migrert,FALSE,Title,Default Title,2017-10,shopify,1,deny,manual,140,229,12,TRUE,TRUE,draft
epleblomst-49cm-7087,Epleblomst 49cm,<p>Kvist med epleblomster Høyde : 49cm</p>,Varekompaniet,snitt,Migrert,FALSE,Title,Default Title,7087,shopify,10,deny,manual,19,29,12,TRUE,TRUE,draft
epleblomst-50cm-5423-10,Epleblomst 50cm,<p>Kvist med epleblomster Høyde : 50cm</p>,Varekompaniet,snitt,Migrert,FALSE,Title,Default Title,5423-10,shopify,1,deny,manual,49,69,12,TRUE,TRUE,draft
eternell-50cm-bla-2434-60,Eternell 50cm blå,<p>Eternell snittblomst Høyde : 50cm</p>,Varekompaniet,snitt,Migrert,FALSE,Title,Default Title,2434-60,shopify,6,deny,manual,19,29,12,TRUE,TRUE,draft
eternell-50cm-hvit-2434-10,Eternell 50cm hvit,<p>Eternell snittblomst Høyde : 50cm</p>,Varekompaniet,snitt,Migrert,FALSE,Title,Default Title,2434-10,shopify,20,deny,manual,19,29,12,TRUE,TRUE,draft
eternell-50cm-lilla-2434-40,Eternell 50cm lilla,<p>Eternell snittblomst Høyde : 50cm</p>,Varekompaniet,snitt,Migrert,FALSE,Title,Default Title,2434-40,shopify,12,deny,manual,19,29,12,TRUE,TRUE,draft
eternell-50cm-rosa-2434-20,Eternell 50cm rosa,<p>Eternell snittblomst Høyde : 50cm</p>,Varekompaniet,snitt,Migrert,FALSE,Title,Default Title,2434-20,shopify,8,deny,manual,19,29,12,TRUE,TRUE,draft
eukalyptus-40cm-1437-90,Eukalyptus 40cm,<p>Eukalyptus Høyde : 40cm</p>,Varekompaniet,snitt,Migrert,FALSE,Title,Default Title,1437-90,shopify,17,deny,manual,29,39,12,TRUE,TRUE,draft
eukalyptusgren-60cm-7567-90,Eukalyptusgren 60cm,<p>Eukalyptusgren Høyde : 60cm</p>,Varekompaniet,snitt,Migrert,FALSE,Title,Default Title,7567-90,shopify,80,deny,manual,39,59,12,TRUE,TRUE,draft
eukalyptusgren-70cm-1438-90,Eukalyptusgren 70cm,<p>Eukalyptusgren Høyde : 70cm</p>,Varekompaniet,snitt,Migrert,FALSE,Title,Default Title,1438-90,shopify,6,deny,manual,49,69,12,TRUE,TRUE,draft
eukalyptusgren-74cm-7568-90,Eukalyptusgren 74cm,<p>Eukalyptusgren Høyde : 74cm</p>,Varekompaniet,snitt,Migrert,FALSE,Title,Default Title,7568-90,shopify,25,deny,manual,49,69,12,TRUE,TRUE,draft
flyteblader-3635-90,Flyteblader,<p>Flyteblader Pakke med blader som flyter. Perfekt for hagedammen.</p>,Varekompaniet,snitt,Migrert,FALSE,Title,Default Title,3635-90,shopify,38,deny,manual,19,29,12,TRUE,TRUE,draft
furukvist-50cm-6101-90,Furukvist 50cm,<p>Furukvist med kongler Høyde : 50cm</p>,Varekompaniet,snitt,Migrert,FALSE,Title,Default Title,6101-90,shopify,41,deny,manual,29,49,12,TRUE,TRUE,draft
gasunger-36cm-1578-90,Gåsunger 36cm,<p>Gåsunger Høyde : 36cm</p>,Varekompaniet,snitt,Migrert,FALSE,Title,Default Title,1578-90,shopify,41,deny,manual,19,29,12,TRUE,TRUE,draft
gasunger-40cm-4026,Gåsunger 40cm,<p>Gåsunger Høyde : 40cm</p>,Varekompaniet,snitt,Migrert,FALSE,Title,Default Title,4026,shopify,10,deny,manual,49,69,12,TRUE,TRUE,draft
gasunger-85cm-6116-90,Gåsunger 85cm,<p>Kvist med Gåsunger Høyde : 85cm</p>,Varekompaniet,snitt,Migrert,FALSE,Title,Default Title,6116-90,shopify,1,deny,manual,59,99,12,TRUE,TRUE,draft
hortensia-40cm-2408-65,Hortensia 40cm,<p>Hortensia Høyde : 40cm</p>,Varekompaniet,snitt,Migrert,FALSE,Title,Default Title,2408-65,shopify,4,deny,manual,49,69,12,TRUE,TRUE,draft
hortensia-40cm-lilla-2408-41,Hortensia 40cm lilla,<p>Hortensia Høyde : 40cm</p>,Varekompaniet,snitt,Migrert,FALSE,Title,Default Title,2408-41,shopify,2,deny,manual,49,69,12,TRUE,TRUE,draft
hortensia-40cm-lilla-2408-40,Hortensia 40cm Lilla,<p>Hortensia Høyde : 40cm</p>,Varekompaniet,snitt,Migrert,FALSE,Title,Default Title,2408-40,shopify,10,deny,manual,49,69,12,TRUE,TRUE,draft
hortensia-40cm-rosa-2408-21,Hortensia 40cm rosa,<p>Hortensia Høyde : 40cm</p>,Varekompaniet,snitt,Migrert,FALSE,Title,Default Title,2408-21,shopify,16,deny,manual,49,69,12,TRUE,TRUE,draft
kattost-160cm-1606-10,Kattost 160cm,<p>Kattost Lengde : 160cm</p>,Varekompaniet,snitt,Migrert,FALSE,Title,Default Title,1606-10,shopify,3,deny,manual,160,259,12,TRUE,TRUE,draft
kirsebaerblomst-70cm-krem-390a-01,Kirsebærblomst 70cm krem,<p>Kirsebærsblomst Høyde : 70cm</p>,Varekompaniet,snitt,Migrert,FALSE,Title,Default Title,390a-01,shopify,23,deny,manual,49,79,12,TRUE,TRUE,draft
kirsebaersblomst-hvit-45cm-5928-10,Kirsebærsblomst Hvit 45cm,<p>Kirsebærsblomst Høyde : 45cm</p>,Varekompaniet,snitt,Migrert,FALSE,Title,Default Title,5928-10,shopify,1,deny,manual,29,49,12,TRUE,TRUE,draft
kirsebaersblomst-rosa-45cm-5928-20,Kirsebærsblomst Rosa 45cm,<p>Kirsebærsblomst Høyde : 45cm</p>,Varekompaniet,snitt,Migrert,FALSE,Title,Default Title,5928-20,shopify,16,deny,manual,29,49,12,TRUE,TRUE,draft
kirsebaerskvist-hvit-3431-10,Kirsebærskvist hvit,<p>Kirsebærskvist hvit 60 cm</p>,Varekompaniet,snitt,Migrert,FALSE,Title,Default Title,3431-10,shopify,25,deny,manual,39,59,12,TRUE,TRUE,draft
kirsebaerskvist-rosa-3431-20,Kirsebærskvist rosa,<p>Kirsebærskvist rosa 60 cm</p>,Varekompaniet,snitt,Migrert,FALSE,Title,Default Title,3431-20,shopify,19,deny,manual,39,59,12,TRUE,TRUE,draft
kvist-35cm-8416-90,Kvist 35cm,<p>Kvist Høyde : 35cm</p>,Varekompaniet,snitt,Migrert,FALSE,Title,Default Title,8416-90,shopify,20,deny,manual,19,29,12,TRUE,TRUE,draft
kvist-med-kongler-60cm-9118-70,Kvist med kongler 60cm,<p>Kvist med kongler Høyde : 60cm</p>,Varekompaniet,snitt,Migrert,FALSE,Title,Default Title,9118-70,shopify,29,deny,manual,29,49,12,TRUE,TRUE,draft
kvist-med-kongler-70cm-3237-01,Kvist med kongler 70cm,<p>Kvist med kongler Høyde : 70cm</p>,Varekompaniet,snitt,Migrert,FALSE,Title,Default Title,3237-01,shopify,8,deny,manual,79,129,12,TRUE,TRUE,draft
lerkekvist-65cm-9940-03,Lerkekvist 65cm,<p>Lerkekvist Høyde : 65cm</p>,Varekompaniet,snitt,Migrert,FALSE,Title,Default Title,9940-03,shopify,2,deny,manual,79,129,12,TRUE,TRUE,draft
lerkekvist-95cm-3532-91,lerkekvist 95cm,<p>Lerkekvist Høyde : 95cm Farge : grønn/grå</p>,Varekompaniet,snitt,Migrert,FALSE,Title,Default Title,3532-91,shopify,12,deny,manual,150,249,12,TRUE,TRUE,draft
liljekonvall-20cm-2562-10,Liljekonvall 20cm,<p>Liljekonvall Høyde: 20cm</p>,Varekompaniet,snitt,Migrert,FALSE,Title,Default Title,2562-10,shopify,0,deny,manual,19,29,12,TRUE,TRUE,draft
magnolia-65cm-oransje-1109-30,Magnolia 65cm Oransje,<p>Magnolia Høyde ; 65cm</p>,Varekompaniet,snitt,Migrert,FALSE,Title,Default Title,1109-30,shopify,2,deny,manual,79,129,12,TRUE,TRUE,draft
magnolia-65cm-1109-10,Magnolia 65cm,<p>Magnolia snitt. Høyde : 60cm</p>,Varekompaniet,snitt,Migrert,FALSE,Title,Default Title,1109-10,shopify,3,deny,manual,59,99,12,TRUE,TRUE,draft
magnolia-hvit-60cm-6173-10,Magnolia Hvit 60cm,<p>Magnolia Høyde : 60cm</p>,Varekompaniet,snitt,Migrert,FALSE,Title,Default Title,6173-10,shopify,5,deny,manual,79,129,12,TRUE,TRUE,draft
magnolia-mork-rosa-60cm-6173-22,Magnolia Mørk Rosa 60cm,<p>Magnolia Høyde ; 60cm</p>,Varekompaniet,snitt,Migrert,FALSE,Title,Default Title,6173-22,shopify,2,deny,manual,79,129,12,TRUE,TRUE,draft
magnolia-rosa-60cm-6173-20,Magnolia Rosa 60cm,<p>Magnolia Høyde : 60cm</p>,Varekompaniet,snitt,Migrert,FALSE,Title,Default Title,6173-20,shopify,4,deny,manual,79,129,12,TRUE,TRUE,draft
margeritt-32cm-6207-10,Margeritt 32cm,<p>Margeritt Høyde: 32cm</p>,Varekompaniet,snitt,Migrert,FALSE,Title,Default Title,6207-10,shopify,2,deny,manual,19,29,12,TRUE,TRUE,draft
narsiss-hvit-2-5923-10,Narsiss hvit 2,<p>Narsiss Hvit 2 25 cm</p>,Varekompaniet,snitt,Migrert,FALSE,Title,Default Title,5923-10,shopify,23,deny,manual,9,15,12,TRUE,TRUE,draft
olivenkvist-55cm-4430,Olivenkvist 55cm,<p>Olivenkvist Høyde : 55cm</p>,Varekompaniet,snitt,Migrert,FALSE,Title,Default Title,4430,shopify,12,deny,manual,89,149,12,TRUE,TRUE,draft
ormegressblad-45cm-1995-01,Ormegressblad 45cm,<p>Ormegressblad Høyde : 45cm</p>,Varekompaniet,snitt,Migrert,FALSE,Title,Default Title,1995-01,shopify,47,deny,manual,29,39,12,TRUE,TRUE,draft
ormegressblad-60cm-6208-90,Ormegressblad 60cm,<p>Ormegressblad Høyde : 60cm</p>,Varekompaniet,snitt,Migrert,FALSE,Title,Default Title,6208-90,shopify,26,deny,manual,29,39,12,TRUE,TRUE,draft
pinselilje-35cm-1513-11,Pinselilje 35cm,<p>Pinselilje Høyde : 35cm</p>,Varekompaniet,snitt,Migrert,FALSE,Title,Default Title,1513-11,shopify,100,deny,manual,39,59,12,TRUE,TRUE,draft
pinselilje-35cm-1513-10,Pinselilje 35cm,<p>Pinselilje Høyde : 35cm</p>,Varekompaniet,snitt,Migrert,FALSE,Title,Default Title,1513-10,shopify,100,deny,manual,39,59,12,TRUE,TRUE,draft
prestekrage-50cm-1576-10,Prestekrage 50cm,<p>Prestekrage Høyde: 50cm</p>,Varekompaniet,snitt,Migrert,FALSE,Title,Default Title,1576-10,shopify,3,deny,manual,39,59,12,TRUE,TRUE,draft
pyntekorg-65cm-gul-9624-50,Pyntekorg 65cm gul,<p>Pyntekorg Høyde : 65cm</p>,Varekompaniet,snitt,Migrert,FALSE,Title,Default Title,9624-50,shopify,9,deny,manual,89,149,12,TRUE,TRUE,draft
rose-50cm-beige-9603-71,Rose 50cm beige,<p>Snittrose Høyde : 50cm</p>,Varekompaniet,snitt,Migrert,FALSE,Title,Default Title,9603-71,shopify,38,deny,manual,29,39,12,TRUE,TRUE,draft
rose-50cm-gronn-2889-96,Rose 50cm Grønn,<p>Kunstig Rose Høyde :50cm</p>,Varekompaniet,snitt,Migrert,FALSE,Title,Default Title,2889-96,shopify,20,deny,manual,29,39,12,TRUE,TRUE,draft
rose-50cm-gronn-2889-90,Rose 50cm Grønn,<p>Kunstig Rose Høyde :50cm</p>,Varekompaniet,snitt,Migrert,FALSE,Title,Default Title,2889-90,shopify,6,deny,manual,29,39,12,TRUE,TRUE,draft
rose-50cm-gul-9603-51,Rose 50cm gul,<p>Snittrose Høyde : 50cm</p>,Varekompaniet,snitt,Migrert,FALSE,Title,Default Title,9603-51,shopify,47,deny,manual,29,39,12,TRUE,TRUE,draft
rose-50cm-gul-2889-51,Rose 50cm Gul,<p>Kunstig Rose Høyde :50cm</p>,Varekompaniet,snitt,Migrert,FALSE,Title,Default Title,2889-51,shopify,13,deny,manual,29,39,12,TRUE,TRUE,draft
rose-50cm-hvit-9603-10,Rose 50cm hvit,<p>Snittrose Høyde : 50cm</p>,Varekompaniet,snitt,Migrert,FALSE,Title,Default Title,9603-10,shopify,37,deny,manual,29,39,12,TRUE,TRUE,draft
rose-50cm-hvit-2889-11,Rose 50cm Hvit,<p>Kunstig Rose Høyde :50cm</p>,Varekompaniet,snitt,Migrert,FALSE,Title,Default Title,2889-11,shopify,10,deny,manual,29,39,12,TRUE,TRUE,draft
rose-50cm-lilla-2889-40,Rose 50cm Lilla,<p>Kunstig Rose Høyde :50cm</p>,Varekompaniet,snitt,Migrert,FALSE,Title,Default Title,2889-40,shopify,2,deny,manual,29,39,12,TRUE,TRUE,draft
rose-50cm-lilla-2889-48,Rose 50cm Lilla,<p>Kunstig Rose Høyde :50cm</p>,Varekompaniet,snitt,Migrert,FALSE,Title,Default Title,2889-48,shopify,4,deny,manual,29,39,12,TRUE,TRUE,draft
rose-50cm-lilla-9603-41,Rose 50cm lilla,<p>Snittrose Høyde : 50cm</p>,Varekompaniet,snitt,Migrert,FALSE,Title,Default Title,9603-41,shopify,48,deny,manual,29,39,12,TRUE,TRUE,draft
rose-50cm-lilla-9603-40,Rose 50cm lilla,<p>Snittrose Høyde : 50cm</p>,Varekompaniet,snitt,Migrert,FALSE,Title,Default Title,9603-40,shopify,48,deny,manual,29,39,12,TRUE,TRUE,draft
rose-50cm-oransje-9603-30,Rose 50cm oransje,<p>Snittrose Høyde : 50cm</p>,Varekompaniet,snitt,Migrert,FALSE,Title,Default Title,9603-30,shopify,48,deny,manual,29,39,12,TRUE,TRUE,draft
rose-50cm-oransje-9603-32,Rose 50cm oransje,<p>Snittrose Høyde : 50cm</p>,Varekompaniet,snitt,Migrert,FALSE,Title,Default Title,9603-32,shopify,20,deny,manual,29,39,12,TRUE,TRUE,draft
rose-50cm-rod-9603-80,Rose 50cm rød,<p>Snittrose Høyde : 50cm</p>,Varekompaniet,snitt,Migrert,FALSE,Title,Default Title,9603-80,shopify,26,deny,manual,29,39,12,TRUE,TRUE,draft
rose-50cm-rod-2889-80,Rose 50cm Rød,<p>Kunstig Rose Høyde :50cm</p>,Varekompaniet,snitt,Migrert,FALSE,Title,Default Title,2889-80,shopify,9,deny,manual,29,39,12,TRUE,TRUE,draft
rose-50cm-rosa-2889-24,Rose 50cm Rosa,<p>Kunstig Rose Høyde :50cm</p>,Varekompaniet,snitt,Migrert,FALSE,Title,Default Title,2889-24,shopify,1,deny,manual,29,39,12,TRUE,TRUE,draft
rose-50cm-rosa-2889-25,Rose 50cm Rosa,<p>Kunstig Rose Høyde :50cm</p>,Varekompaniet,snitt,Migrert,FALSE,Title,Default Title,2889-25,shopify,22,deny,manual,29,39,12,TRUE,TRUE,draft
rose-50cm-rosa-9603-20,Rose 50cm rosa,<p>Snittrose Høyde : 50cm</p>,Varekompaniet,snitt,Migrert,FALSE,Title,Default Title,9603-20,shopify,45,deny,manual,29,39,12,TRUE,TRUE,draft
rose-50cm-rosa-9603-21,Rose 50cm rosa,<p>Snittrose Høyde : 50cm</p>,Varekompaniet,snitt,Migrert,FALSE,Title,Default Title,9603-21,shopify,48,deny,manual,29,39,12,TRUE,TRUE,draft
rose-50cm-rosa-9603-25,Rose 50cm rosa,<p>Snittrose Høyde : 50cm</p>,Varekompaniet,snitt,Migrert,FALSE,Title,Default Title,9603-25,shopify,45,deny,manual,29,39,12,TRUE,TRUE,draft
rose-50cm-rosa-2889-20,Rose 50cm Rosa,<p>Kunstig Rose Høyde :50cm</p>,Varekompaniet,snitt,Migrert,FALSE,Title,Default Title,2889-20,shopify,32,deny,manual,29,39,12,TRUE,TRUE,draft
rose-70cm-real-touch-rosa-6232,Rose 70cm Real Touch Rosa,<p>Kunstig Rose Laget real touch materiale. Føles ekte. Høyde : 70cm</p>,Varekompaniet,snitt,Migrert,FALSE,Title,Default Title,6232,shopify,5,deny,manual,59,99,12,TRUE,TRUE,draft
rose-75cm-lilla-2890-43,Rose 75cm Lilla,<p>Kunstig Rose Høyde : 75cm</p>,Varekompaniet,snitt,Migrert,FALSE,Title,Default Title,2890-43,shopify,10,deny,manual,59,99,12,TRUE,TRUE,draft
rose-75cm-lilla-2890-40,Rose 75cm Lilla,<p>Kunstig Rose Høyde : 75cm</p>,Varekompaniet,snitt,Migrert,FALSE,Title,Default Title,2890-40,shopify,9,deny,manual,59,99,12,TRUE,TRUE,draft
rose-75cm-rod-2890-80,Rose 75cm Rød,<p>Kunstig Rose Høyde : 75cm</p>,Varekompaniet,snitt,Migrert,FALSE,Title,Default Title,2890-80,shopify,11,deny,manual,59,99,12,TRUE,TRUE,draft
rose-75cm-rosa-2890-23,Rose 75cm Rosa,<p>Kunstig Rose Høyde : 75cm</p>,Varekompaniet,snitt,Migrert,FALSE,Title,Default Title,2890-23,shopify,1,deny,manual,59,99,12,TRUE,TRUE,draft
slorasparges-70cm-9249-90,Slørasparges 70cm,<p>Slørasparges Høyde : 70cm</p>,Varekompaniet,snitt,Migrert,FALSE,Title,Default Title,9249-90,shopify,1,deny,manual,49,69,12,TRUE,TRUE,draft
solsikke-65cm-9383-50,solsikke 65cm,<p>Solsikke Høyde : 65cm</p>,Varekompaniet,snitt,Migrert,FALSE,Title,Default Title,9383-50,shopify,5,deny,manual,89,139,12,TRUE,TRUE,draft
solsikke-70cm-9128-50,Solsikke 70cm,<p>Solsikke Høyde : 70cm</p>,Varekompaniet,snitt,Migrert,FALSE,Title,Default Title,9128-50,shopify,2,deny,manual,120,199,12,TRUE,TRUE,draft
tulipan-miks-2620-80,Tulipan Miks,<p>Assortert 3 stk Farge : Rød Høyde : 36cm</p>,Varekompaniet,snitt,Migrert,FALSE,Title,Default Title,2620-80,shopify,6,deny,manual,99,159,12,TRUE,TRUE,draft
tulipan-37cm-1988-21,Tulipan 37cm,<p>Tulipan Høyde : 37cm</p>,Varekompaniet,snitt,Migrert,FALSE,Title,Default Title,1988-21,shopify,25,deny,manual,19,29,12,TRUE,TRUE,draft
tulipan-37cm-1988-30,Tulipan 37cm,<p>Tulipan Høyde : 37cm</p>,Varekompaniet,snitt,Migrert,FALSE,Title,Default Title,1988-30,shopify,35,deny,manual,19,29,12,TRUE,TRUE,draft
tulipan-miks-2620-20,Tulipan Miks,<p>Assortert 3 stk Farge : Rosa Høyde : 36cm</p>,Varekompaniet,snitt,Migrert,FALSE,Title,Default Title,2620-20,shopify,12,deny,manual,99,159,12,TRUE,TRUE,draft
tulipan-miks-2620-21,Tulipan Miks,<p>Assortert 3 stk Farge : Rosa Høyde : 36cm</p>,Varekompaniet,snitt,Migrert,FALSE,Title,Default Title,2620-21,shopify,13,deny,manual,99,159,12,TRUE,TRUE,draft
tulipan-miks-2620-22,Tulipan Miks,<p>Assortert 3 stk Farge : Rosa Høyde : 36cm</p>,Varekompaniet,snitt,Migrert,FALSE,Title,Default Title,2620-22,shopify,3,deny,manual,99,159,12,TRUE,TRUE,draft
tulipan-miks-2620-23,Tulipan Miks,<p>Assortert 3 stk Farge : Rosa Høyde : 36cm</p>,Varekompaniet,snitt,Migrert,FALSE,Title,Default Title,2620-23,shopify,2,deny,manual,99,159,12,TRUE,TRUE,draft
tulipan-miks-2620-35,Tulipan Miks,<p>Assortert 3 stk Farge : Orange Høyde : 36cm</p>,Varekompaniet,snitt,Migrert,FALSE,Title,Default Title,2620-35,shopify,12,deny,manual,99,159,12,TRUE,TRUE,draft
tulipan-miks-2620-39,Tulipan Miks,<p>Assortert 3 stk Farge : Orange Høyde : 36cm</p>,Varekompaniet,snitt,Migrert,FALSE,Title,Default Title,2620-39,shopify,13,deny,manual,99,159,12,TRUE,TRUE,draft
tulipan-miks-2620-40,Tulipan Miks,<p>Assortert 3 stk Farge : Lilla Høyde : 36cm</p>,Varekompaniet,snitt,Migrert,FALSE,Title,Default Title,2620-40,shopify,4,deny,manual,99,159,12,TRUE,TRUE,draft
tulipan-miks-2620-50,Tulipan Miks,<p>Assortert 3 stk Farge : Gul Høyde : 36cm</p>,Varekompaniet,snitt,Migrert,FALSE,Title,Default Title,2620-50,shopify,8,deny,manual,99,159,12,TRUE,TRUE,draft
tulipan-miks-lilla-2620-45,Tulipan Miks Lilla,<p>3 stk Tulipaner Høyde : 36cm</p>,Varekompaniet,snitt,Migrert,FALSE,Title,Default Title,2620-45,shopify,7,deny,manual,99,159,12,TRUE,TRUE,draft
tulipan-miks-2620-10,Tulipan Miks,<p>Assortert 3 stk Farge : Hvit Høyde : 36cm</p>,Varekompaniet,snitt,Migrert,FALSE,Title,Default Title,2620-10,shopify,20,deny,manual,99,159,12,TRUE,TRUE,draft
valmue-43cm-valmue,Valmue 43cm,<p>Valmue Høyde : 43cm</p>,Varekompaniet,snitt,Migrert,FALSE,Title,Default Title,valmue,shopify,10,deny,manual,29,39,12,TRUE,TRUE,draft
bambus-150cm-54-135,Bambus 150cm,<p>Bambus i potte. Høyde : 150cm</p>,Varekompaniet,trar-busker,Migrert,FALSE,Title,Default Title,54-135,shopify,2,deny,manual,1380,2299,12,TRUE,TRUE,draft
bambus-210cm-7322-210,Bambus 210cm,<p>Bambus i potte. Høyde : 210cm</p>,Varekompaniet,trar-busker,Migrert,FALSE,Title,Default Title,7322-210,shopify,1,deny,manual,1740,2899,12,TRUE,TRUE,draft
bambus-med-potte-160cm-7456-160,Bambus med potte 160cm,<p>Flott Bambus inkl. potte. Høyde : 160CM</p>,Varekompaniet,trar-busker,Migrert,FALSE,Title,Default Title,7456-160,shopify,1,deny,manual,1800,2999,12,TRUE,TRUE,draft
boxwood-pa-stamme-70cm-1007-050,Boxwood på stamme 70cm,<p>Boxwood på stamme. Høyde : ca 70cm Ø : 50cm</p>,Varekompaniet,trar-busker,Migrert,FALSE,Title,Default Title,1007-050,shopify,2,deny,manual,2100,3499,12,TRUE,TRUE,draft
buxbom-115cm-7119-115,Buxbom 115cm,<p>Buxbom på stamme. Høyde : 115cm Bredde : 55cm</p>,Varekompaniet,trar-busker,Migrert,FALSE,Title,Default Title,7119-115,shopify,1,deny,manual,1680,2799,12,TRUE,TRUE,draft
buxbom-spiral-130cm-12-130,Buxbom Spiral 130cm,"<p>Nydelig Buxbom spiral med ekte tre i stammen. Perfekt for uteplassen, inngangspartiet eller veranda. Tåler sollys veldig godt og falmer ikke. Høyde : 130cm</p>",Varekompaniet,trar-busker,Migrert,FALSE,Title,Default Title,12-130,shopify,1,deny,manual,2100,3499,12,TRUE,TRUE,draft
buxbomkule-85cm-9954-085,Buxbomkule 85cm,<p>Buxbomkule i potte. Tåler meget godt sollys. Height 85 cm Diameter ø 65 cm Pot height 18 cm Pot ø top 17 cm Pot ø bottom 17 cm</p>,Varekompaniet,trar-busker,Migrert,FALSE,Title,Default Title,9954-085,shopify,0,deny,manual,4800,7999,12,TRUE,TRUE,draft
drueplante-130cm-1111-130,Drueplante 130cm,<p>Drueplante i potte. Høyde : 130cm</p>,Varekompaniet,trar-busker,Migrert,FALSE,Title,Default Title,1111-130,shopify,2,deny,manual,1380,2299,12,TRUE,TRUE,draft
eik-170cm-7216-170,Eik 170cm,<p>Eiketre i potte Høyde : 170cm inkl potte. Pottehøyde : 15cm</p>,Varekompaniet,trar-busker,Migrert,FALSE,Title,Default Title,7216-170,shopify,2,deny,manual,1920,3199,12,TRUE,TRUE,draft
fikus-150cm-7215-150,Fikus 150cm,<p>Fikus i potte. Høyde : 150cm</p>,Varekompaniet,trar-busker,Migrert,FALSE,Title,Default Title,7215-150,shopify,12,deny,manual,1200,1999,12,TRUE,TRUE,draft
fikus-benjamin-150-cm-7174-150,Fikus Benjamin 150 cm,<p>Fikus Benjamin i potte. Høyde : 150cm Potte høyde : 13cm Potte Ø topp : 14cm Potte Ø bunn : 14cm</p>,Varekompaniet,trar-busker,Migrert,FALSE,Title,Default Title,7174-150,shopify,1,deny,manual,1080,1799,12,TRUE,TRUE,draft
fikus-benjamin-210-cm-7174-210,Fikus Benjamin 210 cm,<p>Fikus Benjamin i potte. Høyde : 210cm Potte høyde : 17cm Potte Ø topp : 18cm Potte Ø bunn : 18cm</p>,Varekompaniet,trar-busker,Migrert,FALSE,Title,Default Title,7174-210,shopify,1,deny,manual,1800,2999,12,TRUE,TRUE,draft
lerketre-i-potte-100cm-7396-100,Lerketre i potte 100cm,<p>Nydelig kunstig Lerketre med kongler i flott potte. Høyde : 100cm</p>,Varekompaniet,trar-busker,Migrert,FALSE,Title,Default Title,7396-100,shopify,1,deny,manual,780,1299,12,TRUE,TRUE,draft
lerketre-i-potte-180cm-7396-180,Lerketre i potte 180cm,<p>Nydelig kunstig Lerketre fra MR Plant med kongler i flott potte. Høyde : 180cm</p>,Varekompaniet,trar-busker,Migrert,FALSE,Title,Default Title,7396-180,shopify,1,deny,manual,1980,3299,12,TRUE,TRUE,draft
margeritt-pa-stamme-8272-105,Margeritt på stamme,"<p>Margeritt på stamme, i potte Høyde : 105cm</p>",Varekompaniet,trar-busker,Migrert,FALSE,Title,Default Title,8272-105,shopify,3,deny,manual,720,1199,12,TRUE,TRUE,draft
monstera-120cm-7044-120,Monstera 120cm,<p>Monstera i potte. Høyde 120cm Potte høyde : 12cm Potte Ø : 16cm</p>,Varekompaniet,trar-busker,Migrert,FALSE,Title,Default Title,7044-120,shopify,2,deny,manual,900,1499,12,TRUE,TRUE,draft
oliventre-120cm-7336-120,Oliventre 120cm,<p>Kunstig Oliventre Farge: Grønn Høyde: 120cm</p>,Varekompaniet,trar-busker,Migrert,FALSE,Title,Default Title,7336-120,shopify,1,deny,manual,1800,2999,12,TRUE,TRUE,draft
oliventre-150cm-7336-160,Oliventre 150cm,<p>Kunstig Oliventre Farge: Grønn Høyde: 150cm</p>,Varekompaniet,trar-busker,Migrert,FALSE,Title,Default Title,7336-160,shopify,1,deny,manual,1980,3299,12,TRUE,TRUE,draft
oliventre-80cm-7336-080,Oliventre 80cm,<p>Kunstig Oliventre Farge: Grønn Høyde: 80cm Ekte treverk i stammen</p>,Varekompaniet,trar-busker,Migrert,FALSE,Title,Default Title,7336-080,shopify,2,deny,manual,900,1499,12,TRUE,TRUE,draft
ormegress-pa-stamme-100cm-7230-100,Ormegress på stamme 100cm,<p>Ormegress på stamme. Høyde : 100cm</p>,Varekompaniet,trar-busker,Migrert,FALSE,Title,Default Title,7230-100,shopify,4,deny,manual,900,1499,12,TRUE,TRUE,draft
ormegress-pa-stamme-180cm-7230-180,Ormegress på stamme 180cm,<p>Ormegress på stamme. Høyde : 180cm</p>,Varekompaniet,trar-busker,Migrert,FALSE,Title,Default Title,7230-180,shopify,3,deny,manual,1800,2999,12,TRUE,TRUE,draft
sitrustre-70cm-7012-070,Sitrustre 70cm,<p>Sitrustre i potte Height 70 cm Pot height 11 cm Pot ø top 13 cm Pot ø bottom 8 cm</p>,Varekompaniet,trar-busker,Migrert,FALSE,Title,Default Title,7012-070,shopify,1,deny,manual,420,699,12,TRUE,TRUE,draft
thuja-120cm-7025-120,Thuja 120cm,<p>Thuja i potte. Høyde : 120cm Potte høyde : 14cm Potte Ø topp : 16cm Potte Ø bunn : 15cm</p>,Varekompaniet,trar-busker,Migrert,FALSE,Title,Default Title,7025-120,shopify,2,deny,manual,1440,2399,12,TRUE,TRUE,draft
